date,AAPL,AMGN,AXP,JPM,MSFT
2010-01-04,0,0,0,0,9
2010-01-05,31,0,0,100,71
2010-01-06,1,0,91,67,-42
2010-01-07,-32,7,-74,-100,17
2010-01-08,0,100,100,-30,17
2010-01-11,46,100,-4,-37,82
2010-01-12,37,-23,19,0,-61
2010-01-13,44,100,-50,0,-67
2010-01-14,-31,-100,-3,5,-6
2010-01-15,-96,100,-51,-5,26
2010-01-19,0,36,0,0,9
2010-01-20,0,100,100,0,-55
2010-01-21,0,66,-100,0,0
2010-01-22,69,88,45,0,100
2010-01-25,-49,60,-73,0,-59
2010-01-26,98,100,0,71,56
2010-01-27,64,37,72,-37,66
2010-01-28,46,-100,28,100,82
2010-01-29,-28,-87,-86,21,76
2010-02-01,-63,-59,-14,-64,32
2010-02-02,-45,78,41,100,93
2010-02-03,36,-41,-41,78,84
2010-02-04,-44,-34,0,-60,100
2010-02-05,-19,100,0,-20,16
2010-02-08,-38,100,45,26,-91
2010-02-09,-27,75,100,-100,-94
2010-02-10,100,60,-100,18,100
2010-02-11,-61,45,-4,-100,72
2010-02-12,-39,33,-35,-22,-100
2010-02-16,100,100,26,100,-46
2010-02-17,-13,100,-32,31,-65
2010-02-18,-87,32,0,-55,43
2010-02-19,100,18,100,-4,-21
2010-02-22,100,-100,27,-83,15
2010-02-23,-44,88,-100,0,47
2010-02-24,-87,-37,-11,0,100
2010-02-25,75,14,91,0,-100
2010-02-26,-100,-19,-100,0,8
2010-03-01,36,8,-7,41,-57
2010-03-02,-80,-54,0,-41,-15
2010-03-03,0,-21,69,3,-100
2010-03-04,38,100,-69,-3,-100
2010-03-05,-38,-69,0,0,62
2010-03-08,0,-14,89,0,2
2010-03-09,0,100,95,0,32
2010-03-10,0,76,-90,100,-41
2010-03-11,0,55,12,50,-73
2010-03-12,0,-100,-16,-75,-100
2010-03-15,27,87,85,-75,67
2010-03-16,-27,29,-33,8,100
2010-03-17,100,3,90,-8,14
2010-03-18,-64,100,-39,0,24
2010-03-19,100,100,-98,0,80
2010-03-22,100,79,-23,0,100
2010-03-23,100,-7,-72,92,100
2010-03-24,26,-67,0,-84,-31
2010-03-25,-37,61,65,100,-100
2010-03-26,-28,-60,-54,-100,-2
2010-03-29,-100,-100,36,-8,80
2010-03-30,-100,-100,100,29,15
2010-03-31,100,100,100,75,-53
2010-04-01,49,-100,100,-88,89
2010-04-05,100,-100,-54,24,92
2010-04-06,76,72,-63,41,85
2010-04-07,-100,-100,8,-34,-25
2010-04-08,-93,100,68,100,-28
2010-04-09,47,82,59,-73,-31
2010-04-12,90,28,-26,-74,100
2010-04-13,100,48,100,88,9
2010-04-14,95,-90,-65,-56,65
2010-04-15,73,-100,61,100,-23
2010-04-16,9,50,62,48,-28
2010-04-19,-3,52,86,72,38
2010-04-20,-28,81,53,-27,-100
2010-04-21,-56,-100,-100,-22,100
2010-04-22,17,-100,53,-32,-24
2010-04-23,-69,100,-86,-20,22
2010-04-26,-100,100,48,22,54
2010-04-27,-64,59,-100,77,100
2010-04-28,-100,-54,-14,34,16
2010-04-29,-100,29,-100,-70,100
2010-04-30,80,-51,71,100,8
2010-05-03,12,-100,-100,-40,54
2010-05-04,-60,-2,9,-15,16
2010-05-05,-100,100,30,83,92
2010-05-06,-46,-94,-100,100,-93
2010-05-07,-26,-31,-95,45,100
2010-05-10,0,100,-100,-100,63
2010-05-11,17,100,-16,-85,10
2010-05-12,38,63,91,-45,-100
2010-05-13,0,-65,-100,-39,45
2010-05-14,-30,-81,-27,-100,-78
2010-05-17,-25,-20,79,60,-100
2010-05-18,0,100,-79,17,100
2010-05-19,0,-50,39,-11,-56
2010-05-20,59,100,85,-53,100
2010-05-21,-18,100,17,5,100
2010-05-24,75,18,100,-100,100
2010-05-25,100,71,-21,-36,32
2010-05-26,100,67,79,0,100
2010-05-27,-42,-100,-52,100,-58
2010-05-28,-4,100,100,-55,100
2010-06-01,-100,6,44,100,65
2010-06-02,-6,-100,13,100,100
2010-06-03,-70,100,86,-54,-100
2010-06-04,45,-100,0,-22,-15
2010-06-07,11,51,-55,87,100
2010-06-08,1,-60,-39,-9,22
2010-06-09,-100,-79,100,21,-99
2010-06-10,-51,-100,1,-43,100
2010-06-11,0,-25,50,16,74
2010-06-14,0,-28,71,-47,100
2010-06-15,100,100,-31,49,-15
2010-06-16,-53,7,-94,-17,-21
2010-06-17,100,-100,-100,96,-100
2010-06-18,-2,-100,-49,100,19
2010-06-21,10,-100,-38,16,100
2010-06-22,-79,-62,29,-30,21
2010-06-23,-74,-100,-100,-100,100
2010-06-24,100,19,-100,-36,68
2010-06-25,100,10,46,-38,44
2010-06-28,32,-100,9,47,-100
2010-06-29,-15,-54,58,100,-100
2010-06-30,-59,100,-33,-40,-62
2010-07-01,-100,100,-15,-76,39
2010-07-02,-60,100,18,87,61
2010-07-06,77,-68,6,-28,3
2010-07-07,-77,-100,21,-100,-100
2010-07-08,0,91,67,-22,-100
2010-07-09,27,-52,42,83,74
2010-07-12,45,-100,-10,100,13
2010-07-13,-72,22,-79,-68,41
2010-07-14,0,47,100,100,97
2010-07-15,0,100,-31,-36,100
2010-07-16,39,46,13,100,100
2010-07-19,-10,68,-100,17,-100
2010-07-20,-29,100,-43,-100,-17
2010-07-21,0,-100,50,0,-100
2010-07-22,0,100,22,90,100
2010-07-23,0,-100,-53,73,100
2010-07-26,0,60,-100,100,40
2010-07-27,100,70,-44,100,10
2010-07-28,100,-89,-14,-100,100
2010-07-29,67,-23,48,100,67
2010-07-30,64,15,-16,100,70
2010-08-02,-100,1,98,-100,9
2010-08-03,9,-27,94,-100,93
2010-08-04,50,47,-100,28,100
2010-08-05,23,38,-6,100,-80
2010-08-06,-100,11,12,100,100
2010-08-09,-100,46,68,100,100
2010-08-10,-9,96,39,-79,100
2010-08-11,-3,100,-56,-7,100
2010-08-12,74,89,-100,-22,-61
2010-08-13,-56,90,76,-100,100
2010-08-16,-100,-100,88,-20,24
2010-08-17,10,100,83,100,-19
2010-08-18,100,-100,82,-24,20
2010-08-19,6,100,84,-73,38
2010-08-20,100,-84,-78,-56,100
2010-08-23,-33,-100,-34,31,-100
2010-08-24,58,6,-18,-56,50
2010-08-25,-15,11,-100,100,-100
2010-08-26,100,100,79,100,35
2010-08-27,84,100,-30,-36,21
2010-08-30,88,30,-84,0,99
2010-08-31,49,-100,-5,100,-47
2010-09-01,11,-23,52,96,52
2010-09-02,-11,-100,41,93,-100
2010-09-03,-100,-24,-14,100,66
2010-09-07,50,-100,87,59,100
2010-09-08,38,71,74,64,86
2010-09-09,55,-96,43,100,100
2010-09-10,18,100,26,100,-37
2010-09-13,-100,-30,-82,-85,67
2010-09-14,99,-100,-3,100,-15
2010-09-15,-16,-100,-67,88,43
2010-09-16,-86,100,33,92,31
2010-09-17,100,100,100,4,100
2010-09-20,100,-100,100,24,-17
2010-09-21,100,-100,-38,-100,-100
2010-09-22,100,80,-100,-54,-29
2010-09-23,-97,56,-42,-100,43
2010-09-24,42,-54,-33,-100,-57
2010-09-27,100,-67,-69,2,15
2010-09-28,-74,-6,-89,-59,100
2010-09-29,-1,-100,-47,-100,100
2010-09-30,43,-48,84,23,0
2010-10-01,-5,27,-72,-100,46
2010-10-04,9,23,-100,-19,-88
2010-10-05,-100,-25,100,-7,84
2010-10-06,15,100,-14,-15,17
2010-10-07,-39,-92,-100,100,33
2010-10-08,43,13,-83,100,100
2010-10-11,100,23,-16,100,-68
2010-10-12,4,-38,-28,62,100
2010-10-13,-72,100,67,2,-100
2010-10-14,100,100,-37,-36,100
2010-10-15,-100,-25,-62,-57,45
2010-10-18,-31,100,0,-100,-91
2010-10-19,-95,100,5,-70,-91
2010-10-20,-90,100,-5,14,64
2010-10-21,-71,100,0,0,-90
2010-10-22,-71,32,100,76,-49
2010-10-25,23,78,15,100,100
2010-10-26,-56,-32,-100,100,-5
2010-10-27,-72,-100,100,-66,91
2010-10-28,-26,100,11,-100,97
2010-10-29,-100,-87,-19,-2,-24
2010-11-01,44,100,-100,-79,67
2010-11-02,67,100,-7,-65,100
2010-11-03,-100,46,0,91,-76
2010-11-04,70,100,100,-23,37
2010-11-05,-77,-100,80,100,99
2010-11-08,54,100,95,-82,98
2010-11-09,9,43,-38,100,100
2010-11-10,100,83,-49,74,66
2010-11-11,100,-32,11,-56,100
2010-11-12,96,-100,-94,100,75
2010-11-15,65,81,67,-4,24
2010-11-16,-100,61,-29,46,-26
2010-11-17,59,-20,100,-7,-100
2010-11-18,100,100,-38,30,100
2010-11-19,-30,-58,-39,-75,100
2010-11-22,-4,-55,24,100,-43
2010-11-23,-32,-34,100,100,82
2010-11-24,-100,3,-50,70,100
2010-11-26,-100,43,-51,7,100
2010-11-29,90,100,-62,-27,64
2010-11-30,29,5,4,7,-69
2010-12-01,64,-12,100,-66,-37
2010-12-02,23,100,-61,72,25
2010-12-03,-100,18,-21,11,99
2010-12-06,-100,-17,-36,96,100
2010-12-07,-86,-100,-72,100,100
2010-12-08,-88,-76,23,-100,-63
2010-12-09,-32,52,100,-6,19
2010-12-10,-51,-8,96,-100,54
2010-12-13,36,73,69,29,-12
2010-12-14,-10,-100,100,-45,3
2010-12-15,50,62,79,15,-14
2010-12-16,-100,-56,44,80,100
2010-12-17,16,-100,38,100,100
2010-12-20,-73,100,9,100,100
2010-12-21,-100,100,100,27,-26
2010-12-22,-72,33,63,-100,6
2010-12-23,-14,-90,-100,100,100
2010-12-27,39,47,-100,35,100
2010-12-28,55,13,22,71,-100
2010-12-29,-24,29,55,-100,-82
2010-12-30,36,48,-100,-100,88
2010-12-31,-92,9,-5,-19,100
2011-01-03,-20,40,-92,100,-20
2011-01-04,0,-100,0,-59,-16
2011-01-05,0,-65,37,-48,85
2011-01-06,0,100,87,30,-46
2011-01-07,100,-100,10,-33,38
2011-01-10,-37,100,100,30,-34
2011-01-11,3,-80,100,62,-6
2011-01-12,46,43,-45,68,-12
2011-01-13,-100,-5,-45,7,100
2011-01-14,-12,17,100,-49,-100
2011-01-18,82,87,-56,7,-78
2011-01-19,-63,-42,14,63,35
2011-01-20,-19,-89,-98,100,25
2011-01-21,0,-100,100,-71,10
2011-01-24,0,10,68,13,-1
2011-01-25,0,15,12,-100,100
2011-01-26,4,100,4,61,16
2011-01-27,51,89,-100,-87,-85
2011-01-28,-55,-100,-90,90,100
2011-01-31,0,100,68,68,100
2011-02-01,0,28,-9,-1,-100
2011-02-02,23,-100,-53,-22,-100
2011-02-03,89,-64,-31,-93,59
2011-02-04,38,100,100,-25,-97
2011-02-07,6,18,98,-50,7
2011-02-08,-100,-88,-38,-72,100
2011-02-09,-56,-88,-100,-24,0
2011-02-10,0,100,-48,28,75
2011-02-11,45,93,-32,89,100
2011-02-14,-11,-72,52,-81,100
2011-02-15,-7,100,100,-25,-100
2011-02-16,57,-50,-37,35,88
2011-02-17,-30,-6,-46,-20,1
2011-02-18,97,94,48,20,-100
2011-02-22,-100,-100,-100,-46,-100
2011-02-23,45,100,100,33,38
2011-02-24,9,-82,-24,-100,33
2011-02-25,-39,-24,74,49,96
2011-02-28,-66,-73,66,-100,77
2011-03-01,18,84,19,29,-57
2011-03-02,-18,50,-23,53,-100
2011-03-03,0,-38,21,100,47
2011-03-04,16,61,100,48,-100
2011-03-07,57,35,-89,71,86
2011-03-08,-73,59,59,100,45
2011-03-09,0,17,-100,-100,-44
2011-03-10,0,100,-100,-37,-45
2011-03-11,0,-100,19,100,-31
2011-03-14,46,-57,-100,-20,-100
2011-03-15,-46,72,-8,48,9
2011-03-16,0,100,-43,62,-77
2011-03-17,54,-100,-9,-13,94
2011-03-18,97,-100,79,-54,100
2011-03-21,-40,-52,-61,95,100
2011-03-22,-100,-32,75,47,100
2011-03-23,-11,-7,-80,24,100
2011-03-24,18,100,-38,31,-14
2011-03-25,63,100,-49,-45,-100
2011-03-28,-81,-94,62,-74,-65
2011-03-29,100,92,-26,-86,8
2011-03-30,-62,88,-70,-100,23
2011-03-31,21,19,-67,15,96
2011-04-01,-40,-100,-100,36,-100
2011-04-04,-19,-26,70,-100,-86
2011-04-05,0,-100,51,-100,100
2011-04-06,0,-38,13,50,-100
2011-04-07,39,62,-37,-52,-19
2011-04-08,-39,100,83,-11,93
2011-04-11,100,100,-100,57,33
2011-04-12,14,100,-100,100,100
2011-04-13,-62,-100,-100,-100,-57
2011-04-14,51,-72,0,79,-100
2011-04-15,69,61,-62,-76,100
2011-04-18,100,100,-70,96,91
2011-04-19,17,-50,-47,72,-33
2011-04-20,-44,-57,100,94,-32
2011-04-21,-89,100,40,64,-26
2011-04-25,100,100,100,-91,80
2011-04-26,0,-97,63,-56,-100
2011-04-27,-22,100,68,-11,100
2011-04-28,63,100,100,19,100
2011-04-29,-2,-5,39,100,87
2011-05-02,-37,58,-27,60,71
2011-05-03,-100,100,-6,-8,-85
2011-05-04,66,8,86,100,8
2011-05-05,100,-100,-100,98,100
2011-05-06,-21,-77,-42,60,-44
2011-05-09,-46,8,-100,-17,76
2011-05-10,39,39,71,4,-4
2011-05-11,23,88,-28,100,19
2011-05-12,-96,47,100,80,-60
2011-05-13,-40,-41,64,42,43
2011-05-16,60,82,-100,-3,100
2011-05-17,100,-50,-100,5,-100
2011-05-18,100,-100,-16,14,19
2011-05-19,-78,-100,-31,84,92
2011-05-20,-100,-100,-7,69,100
2011-05-23,73,-78,-100,-18,82
2011-05-24,93,-13,-21,-20,62
2011-05-25,26,-41,100,85,70
2011-05-26,-66,70,-2,-10,100
2011-05-27,11,3,-31,73,21
2011-05-31,-38,-63,100,100,21
2011-06-01,-100,71,32,-6,25
2011-06-02,-100,96,-100,-100,15
2011-06-03,37,-90,27,70,42
2011-06-06,6,36,100,-56,-55
2011-06-07,5,-76,9,75,22
2011-06-08,-40,-18,9,100,-53
2011-06-09,-50,-100,26,-100,-74
2011-06-10,-100,30,-3,-100,93
2011-06-13,0,37,100,62,100
2011-06-14,52,100,-55,49,0
2011-06-15,-74,-68,-100,-56,-87
2011-06-16,35,41,55,-100,-53
2011-06-17,-35,50,-66,48,-26
2011-06-20,0,100,100,-30,24
2011-06-21,100,67,25,100,100
2011-06-22,-100,100,100,-1,65
2011-06-23,0,-54,-23,-10,-40
2011-06-24,41,100,100,13,-12
2011-06-27,-41,100,81,-100,-100
2011-06-28,0,78,-37,90,46
2011-06-29,0,4,33,100,100
2011-06-30,100,-100,-12,-22,100
2011-07-01,-34,-100,-53,-10,83
2011-07-05,44,26,71,-34,100
2011-07-06,-43,100,-18,92,-28
2011-07-07,-21,-100,91,27,100
2011-07-08,-46,100,67,-48,24
2011-07-11,100,98,52,-100,-14
2011-07-12,-64,-100,36,90,-6
2011-07-13,100,-2,-58,-62,59
2011-07-14,-76,-78,-65,-42,100
2011-07-15,-60,87,-45,-21,100
2011-07-18,100,-26,-83,100,-100
2011-07-19,-100,-100,22,-1,76
2011-07-20,0,-30,-88,100,18
2011-07-21,53,-100,-100,8,-6
2011-07-22,100,-84,88,-7,12
2011-07-25,42,-87,100,100,-85
2011-07-26,-10,-100,-100,-44,-100
2011-07-27,5,0,87,9,15
2011-07-28,94,-55,-69,-100,65
2011-07-29,-46,89,18,26,-15
2011-08-01,19,72,-75,-100,100
2011-08-02,-100,-20,-16,77,100
2011-08-03,52,-100,-73,-19,-45
2011-08-04,43,-28,41,-6,-100
2011-08-05,-38,-99,62,22,-100
2011-08-08,-214,-2786,-613,-3275,-7792
2011-08-09,0,0,0,89,8
2011-08-10,52,73,0,100,100
2011-08-11,35,99,0,-100,100
2011-08-12,-87,-80,0,-89,45
2011-08-15,30,4,0,73,60
2011-08-16,100,-24,0,-73,29
2011-08-17,-100,-35,0,60,26
2011-08-18,33,100,0,-60,44
2011-08-19,-14,3,19,6,35
2011-08-22,100,-41,68,-6,54
2011-08-23,-1,-9,-87,0,79
2011-08-24,25,90,27,0,-84
2011-08-25,100,53,100,100,100
2011-08-26,-39,-9,-100,-22,89
2011-08-29,100,-81,-27,-26,100
2011-08-30,86,100,0,100,22
2011-08-31,100,-12,17,-45,71
2011-09-01,100,41,9,-100,44
2011-09-02,16,-42,-26,11,-87
2011-09-06,-70,64,0,-14,-57
2011-09-07,100,100,0,0,4
2011-09-08,-51,-100,100,97,29
2011-09-09,-100,44,-2,-3,-14
2011-09-12,-12,-40,-98,-98,31
2011-09-13,-10,-100,50,0,71
2011-09-14,67,-53,85,56,-33
2011-09-15,100,-100,-13,-56,-55
2011-09-16,-78,13,-13,100,100
2011-09-19,-31,-51,-63,100,35
2011-09-20,51,-7,100,100,100
2011-09-21,52,0,100,44,-9
2011-09-22,-100,8,44,-34,-100
2011-09-23,49,-8,69,-100,31
2011-09-26,100,17,-100,-90,-95
2011-09-27,-91,-17,46,-81,56
2011-09-28,100,0,-2,-39,85
2011-09-29,-57,0,2,0,-100
2011-09-30,10,100,-65,71,-25
2011-10-03,-52,-1,-18,100,46
2011-10-04,15,-9,34,100,-18
2011-10-05,-100,-1,100,100,-18
2011-10-06,38,-78,60,63,64
2011-10-07,39,81,59,100,-42
2011-10-10,30,100,100,-23,36
2011-10-11,100,76,100,-100,14
2011-10-12,100,13,-7,-100,-16
2011-10-13,85,90,-100,89,-73
2011-10-14,-78,-76,-69,70,77
2011-10-17,-100,-80,-7,-100,100
2011-10-18,-61,-34,-100,72,-7
2011-10-19,54,-80,-100,-91,95
2011-10-20,100,-16,22,22,-97
2011-10-21,-100,5,-100,-38,91
2011-10-24,100,84,-17,88,16
2011-10-25,100,-70,-1,89,-63
2011-10-26,40,45,97,100,100
2011-10-27,-60,-6,84,100,100
2011-10-28,61,67,-52,-100,-100
2011-10-31,66,-18,-35,-100,100
2011-11-01,-34,53,-20,-100,-100
2011-11-02,-25,-100,93,88,59
2011-11-03,-100,100,33,100,-100
2011-11-04,-100,0,100,-100,43
2011-11-07,-100,81,-9,82,22
2011-11-08,-100,100,-64,-24,57
2011-11-09,51,100,100,100,-100
2011-11-10,-100,-100,70,-54,-85
2011-11-11,100,-25,100,100,-100
2011-11-14,56,5,-78,100,52
2011-11-15,-100,-100,67,-23,100
2011-11-16,-100,100,-1,93,-100
2011-11-17,71,27,21,31,100
2011-11-18,-2,-49,-28,-66,61
2011-11-21,43,100,-100,68,100
2011-11-22,100,100,-7,-100,-100
2011-11-23,62,38,42,19,86
2011-11-25,50,-37,-29,52,27
2011-11-28,-94,-92,34,20,69
2011-11-29,78,71,26,18,-59
2011-11-30,-100,-100,100,63,29
2011-12-01,0,100,51,52,-18
2011-12-02,53,27,12,70,51
2011-12-05,-33,-29,-100,-40,18
2011-12-06,49,-33,73,-81,-1
2011-12-07,100,90,-100,100,100
2011-12-08,6,100,100,-100,78
2011-12-09,-100,-60,76,100,-100
2011-12-12,90,2,71,-69,-39
2011-12-13,100,-15,88,100,-83
2011-12-14,-86,54,100,-100,-77
2011-12-15,-58,44,-10,-73,-38
2011-12-16,74,-10,34,-100,63
2011-12-19,-100,32,68,-78,-97
2011-12-20,89,47,87,47,51
2011-12-21,0,49,-70,-49,-100
2011-12-22,25,-49,71,54,28
2011-12-23,-100,39,11,-100,100
2011-12-27,-68,21,72,64,100
2011-12-28,-100,-100,-100,100,11
2011-12-29,2,6,56,-26,-16
2011-12-30,-74,-15,20,93,-3
2012-01-03,100,-37,60,-76,-8
2012-01-04,43,96,-73,100,-21
2012-01-05,-76,-100,-100,99,27
2012-01-06,-100,97,36,100,55
2012-01-09,25,7,-14,3,42
2012-01-10,37,100,-66,-34,-63
2012-01-11,-31,-25,58,-32,-100
2012-01-12,-95,-100,100,-49,86
2012-01-13,-53,100,100,8,-50
2012-01-17,-100,-20,21,90,-76
2012-01-18,96,-14,100,33,100
2012-01-19,-100,100,55,2,57
2012-01-20,-313,-968,-1627,-1187,-1432
2012-01-23,100,40,100,0,0
2012-01-24,35,74,42,0,100
2012-01-25,-100,100,5,100,-88
2012-01-26,32,-100,100,56,-12
2012-01-27,-66,100,63,-100,100
2012-01-30,-1,-68,-93,-56,-86
2012-01-31,0,-100,-56,0,-14
2012-02-01,66,100,-77,62,87
2012-02-02,4,58,72,-3,100
2012-02-03,-70,-69,-100,-59,-100
2012-02-06,100,-100,-56,0,-21
2012-02-07,-96,-32,0,100,100
2012-02-08,-4,-3,0,-53,100
2012-02-09,45,71,13,62,1
2012-02-10,-45,-34,8,-100,100
2012-02-13,0,31,100,65,-100
2012-02-14,0,-6,100,-74,-64
2012-02-15,42,29,-100,0,27
2012-02-16,52,100,-56,21,-100
2012-02-17,21,90,14,68,-36
2012-02-21,100,-73,-79,30,-94
2012-02-22,-82,-100,19,-27,95
2012-02-23,-4,-100,34,-33,-95
2012-02-24,99,-8,-53,-59,72
2012-02-27,-17,100,0,91,-7
2012-02-28,100,-23,0,32,100
2012-02-29,100,-77,26,62,-32
2012-03-01,-70,0,100,-7,41
2012-03-02,64,94,100,-54,-49
2012-03-05,78,-94,-62,95,-34
2012-03-06,16,18,79,-100,-91
2012-03-07,8,-18,-24,100,33
2012-03-08,100,65,-12,100,11
2012-03-09,-5,45,100,-21,-30
2012-03-12,-55,50,-58,82,-14
2012-03-13,-100,-15,37,-100,4
2012-03-14,65,100,-100,-12,100
2012-03-15,-22,16,53,-100,100
2012-03-16,19,-76,100,-100,-15
2012-03-19,13,53,-86,-68,82
2012-03-20,94,14,100,92,-40
2012-03-21,6,100,-100,7,-100
2012-03-22,48,64,-100,51,-100
2012-03-23,-13,-40,41,-100,-31
2012-03-26,-100,-50,87,100,0
2012-03-27,-67,-77,-75,100,0
2012-03-28,10,100,96,-34,0
2012-03-29,-72,-100,100,-100,0
2012-03-30,-100,48,100,100,22
2012-04-02,100,100,17,-100,-22
2012-04-03,-100,-100,17,-73,24
2012-04-04,-43,87,-50,-25,-24
2012-04-05,-100,100,-75,87,0
2012-04-09,100,2,-4,-76,61
2012-04-10,100,-35,-69,15,33
2012-04-11,-64,-90,82,89,-23
2012-04-12,-33,-10,-100,21,-37
2012-04-13,-32,100,-56,-52,-34
2012-04-16,-25,45,4,99,43
2012-04-17,93,100,28,-100,31
2012-04-18,-64,100,-27,28,-66
2012-04-19,-100,23,-22,-100,18
2012-04-20,-48,-86,-100,-29,-26
2012-04-23,100,100,49,0,100
2012-04-24,-29,18,-32,0,100
2012-04-25,100,-75,0,0,-69
2012-04-26,25,77,90,55,-29
2012-04-27,98,19,100,69,100
2012-04-30,17,61,-57,-15,-100
2012-05-01,-61,-100,100,28,-1
2012-05-02,87,100,6,37,90
2012-05-03,4,36,25,76,100
2012-05-04,100,-10,-15,-31,61
2012-05-07,-76,-46,46,73,36
2012-05-08,85,100,-60,-93,-100
2012-05-09,-68,-82,-55,-14,-63
2012-05-10,100,2,100,-100,-59
2012-05-11,-594,-833,-444,-85,-166
2012-05-14,100,0,0,100,0
2012-05-15,-70,66,0,33,9
2012-05-16,-1,37,0,19,-9
2012-05-17,65,40,0,100,57
2012-05-18,-93,84,55,-82,44
2012-05-21,29,40,-55,-100,100
2012-05-22,-30,-12,79,-70,100
2012-05-23,97,-50,-79,0,25
2012-05-24,-97,42,0,0,-13
2012-05-25,49,30,44,100,100
2012-05-29,15,-69,100,47,-86
2012-05-30,40,63,83,73,100
2012-05-31,-100,-72,15,0,-61
2012-06-01,100,84,40,-62,72
2012-06-04,27,98,39,-86,18
2012-06-05,100,90,-95,100,-40
2012-06-06,100,63,5,47,-100
2012-06-07,-39,100,-100,100,37
2012-06-08,35,-17,64,73,69
2012-06-11,92,-89,38,64,-38
2012-06-12,2,-79,54,31,-100
2012-06-13,-100,35,-100,100,-55
2012-06-14,-28,52,-46,77,41
2012-06-15,85,4,-44,7,67
2012-06-18,-100,-23,100,34,-98
2012-06-19,-44,6,43,56,100
2012-06-20,10,100,-34,-100,74
2012-06-21,100,-86,100,-16,69
2012-06-22,75,17,100,-100,-54
2012-06-25,-100,-100,-21,-100,26
2012-06-26,-100,100,-91,-100,-18
2012-06-27,-64,93,-72,20,100
2012-06-28,-56,-100,-36,-2,-87
2012-06-29,-80,100,74,-93,-13
2012-07-02,-19,-43,31,100,18
2012-07-03,100,44,-100,17,100
2012-07-05,-10,-42,29,72,-47
2012-07-06,100,100,-56,94,-100
2012-07-09,-22,75,-70,10,25
2012-07-10,75,78,39,46,45
2012-07-11,33,-100,74,-100,59
2012-07-12,-100,91,18,100,-100
2012-07-13,-66,15,61,32,-42
2012-07-16,100,100,2,-22,41
2012-07-17,9,-3,100,72,-85
2012-07-18,39,-100,100,-100,-33
2012-07-19,4,-30,-15,-100,11
2012-07-20,-14,-100,72,60,-21
2012-07-23,-88,100,-100,100,100
2012-07-24,-100,-71,-20,-11,12
2012-07-25,98,-99,100,100,-12
2012-07-26,27,80,45,96,-68
2012-07-27,-7,70,58,-72,100
2012-07-30,-99,-32,25,100,5
2012-07-31,100,24,75,-100,100
2012-08-01,-78,-67,-100,20,11
2012-08-02,100,-55,59,100,56
2012-08-03,46,92,7,-59,-92
2012-08-06,53,15,-15,-100,90
2012-08-07,53,-80,-77,89,100
2012-08-08,8,-32,-12,70,88
2012-08-09,-86,-56,-100,-43,49
2012-08-10,-100,-8,97,-81,-60
2012-08-13,-100,-100,60,75,-55
2012-08-14,53,-54,38,47,-22
2012-08-15,70,-100,57,-44,24
2012-08-16,-91,-95,-100,-100,-83
2012-08-17,-44,100,73,-34,-12
2012-08-20,-33,-27,-78,-39,13
2012-08-21,-30,-100,-7,19,100
2012-08-22,9,-40,-79,100,88
2012-08-23,-9,0,-40,26,38
2012-08-24,41,25,21,-100,-58
2012-08-27,-41,68,100,15,100
2012-08-28,9,-100,60,0,-97
2012-08-29,-9,-52,-100,57,60
2012-08-30,64,-20,-57,30,100
2012-08-31,-64,-11,-22,40,-36
2012-09-04,0,-100,41,15,9
2012-09-05,44,-7,-21,100,16
2012-09-06,-44,0,20,-22,93
2012-09-07,75,0,-39,-20,-100
2012-09-10,-32,32,100,-100,-59
2012-09-11,-43,-32,18,100,-100
2012-09-12,100,10,-83,27,16
2012-09-13,-87,-10,100,54,-100
2012-09-14,38,74,48,100,-100
2012-09-17,36,42,19,100,-100
2012-09-18,-87,-32,55,100,46
2012-09-19,60,100,17,17,31
2012-09-20,-60,77,-100,41,80
2012-09-21,55,0,78,-83,11
2012-09-24,73,-51,-100,71,100
2012-09-25,-98,71,1,-78,26
2012-09-26,-19,55,21,20,100
2012-09-27,47,-100,37,-100,-86
2012-09-28,3,23,100,69,-15
2012-10-01,100,66,-64,-33,51
2012-10-02,-100,-95,-28,100,100
2012-10-03,51,1,60,-94,-100
2012-10-04,100,-50,7,-41,100
2012-10-05,-13,-100,27,25,-100
2012-10-08,-4,38,-43,79,-100
2012-10-09,100,23,36,-100,-100
2012-10-10,99,-65,-23,-100,-58
2012-10-11,-90,9,61,-100,62
2012-10-12,24,-29,85,-23,83
2012-10-15,44,-57,75,100,-5
2012-10-16,-65,100,50,-9,100
2012-10-17,-100,10,-66,100,-30
2012-10-18,-100,100,69,30,22
2012-10-19,-29,100,-100,4,85
2012-10-22,-18,24,14,100,-91
2012-10-23,-4,100,-100,-100,96
2012-10-24,13,-7,-100,-100,100
2012-10-25,72,100,-71,100,-14
2012-10-26,-100,-100,-32,77,48
2012-10-31,-41,84,-100,-46,-84
2012-11-01,0,100,-21,100,-42
2012-11-02,0,-18,83,62,59
2012-11-05,0,59,-61,-12,4
2012-11-06,26,-100,49,-65,30
2012-11-07,-26,-28,61,-56,-100
2012-11-08,34,22,100,100,83
2012-11-09,26,100,-100,13,94
2012-11-12,-27,-100,-100,0,-100
2012-11-13,81,25,-50,100,9
2012-11-14,-50,-20,-100,-66,94
2012-11-15,22,-95,66,-100,-78
2012-11-16,6,88,-40,100,100
2012-11-19,-40,-63,13,-100,-26
2012-11-20,-38,30,60,100,100
2012-11-21,-10,-81,100,-66,100
2012-11-23,-4,-81,18,-84,86
2012-11-26,1,100,61,61,-56
2012-11-27,14,-53,13,100,100
2012-11-28,-15,-60,19,100,-56
2012-11-29,100,100,-43,-100,37
2012-11-30,-100,-84,-61,100,-100
2012-12-03,0,0,33,90,-36
2012-12-04,0,-100,69,100,-58
2012-12-05,0,-100,0,100,-22
2012-12-06,0,100,100,57,-24
2012-12-07,18,-100,100,-46,100
2012-12-10,-18,8,25,100,-77
2012-12-11,15,-28,-46,60,-80
2012-12-12,-15,-61,-88,98,80
2012-12-13,0,97,-100,100,77
2012-12-14,0,-29,84,-63,-100
2012-12-17,0,100,-25,-100,-71
2012-12-18,77,-60,-47,54,67
2012-12-19,100,16,20,-18,48
2012-12-20,100,69,-2,-44,-40
2012-12-21,17,-100,100,17,85
2012-12-24,-2,-10,64,43,88
2012-12-26,100,100,-100,-100,52
2012-12-27,-21,-14,38,-100,100
2012-12-28,-67,-69,-100,-100,-21
2012-12-31,-100,10,45,-100,21
2013-01-02,-16,-100,100,100,85
2013-01-03,27,-81,-15,-76,2
2013-01-04,70,32,38,-100,100
2013-01-07,-40,-32,28,-56,100
2013-01-08,-100,100,100,100,-50
2013-01-09,67,81,85,31,72
2013-01-10,61,-26,-100,-70,-62
2013-01-11,66,100,33,-100,-100
2013-01-14,-53,-33,-98,-83,100
2013-01-15,100,100,-100,18,-100
2013-01-16,-41,-100,-36,46,-30
2013-01-17,100,100,25,100,-91
2013-01-18,-36,-19,56,-100,-48
2013-01-22,-64,-100,70,-25,13
2013-01-23,96,16,-5,-35,100
2013-01-24,-441,-219,-1000,-1417,-1597
2013-01-25,0,100,0,2,47
2013-01-28,0,-37,0,100,-47
2013-01-29,100,-37,88,12,0
2013-01-30,-73,100,-88,55,100
2013-01-31,-27,41,16,100,-7
2013-02-01,70,-84,-16,98,-69
2013-02-04,29,100,0,-80,-17
2013-02-05,-99,100,0,100,77
2013-02-06,0,-19,0,90,-37
2013-02-07,28,-62,0,-76,95
2013-02-08,100,-79,0,-100,-100
2013-02-11,-2,-100,0,-38,-23
2013-02-12,50,-23,30,-2,100
2013-02-13,36,0,-30,100,100
2013-02-14,-17,0,100,-54,63
2013-02-15,100,72,-51,-28,-100
2013-02-19,-54,-20,-49,-100,21
2013-02-20,42,51,0,67,1
2013-02-21,-51,-100,0,100,100
2013-02-22,-66,0,0,-81,-70
2013-02-25,-100,-3,0,-49,22
2013-02-26,19,0,0,-100,19
2013-02-27,29,0,20,-34,100
2013-02-28,12,100,48,13,-72
2013-03-01,84,1,-68,100,-51
2013-03-04,-100,9,100,94,-5
2013-03-05,-54,100,-100,-100,-38
2013-03-06,52,-100,100,39,100
2013-03-07,85,-34,-100,-44,-1
2013-03-08,-12,-15,51,-100,-33
2013-03-11,100,16,43,-83,-43
2013-03-12,39,42,-58,-1,-82
2013-03-13,-59,-100,81,56,100
2013-03-14,-100,95,100,89,4
2013-03-15,-100,100,100,100,-21
2013-03-18,100,58,10,-28,100
2013-03-19,-72,-100,100,-24,-24
2013-03-20,-18,100,100,-33,-4
2013-03-21,100,-84,-100,6,100
2013-03-22,56,66,0,-69,70
2013-03-25,-100,-28,33,78,-40
2013-03-26,-100,-19,-97,22,100
2013-03-27,-12,-92,46,-100,100
2013-03-28,100,-100,58,3,100
2013-04-01,-81,100,100,11,100
2013-04-02,-34,60,100,-87,9
2013-04-03,97,-75,-39,24,-100
2013-04-04,-73,-69,-26,100,92
2013-04-05,-24,-31,-20,100,-100
2013-04-08,87,100,-98,21,10
2013-04-09,-25,-100,-100,1,-30
2013-04-10,100,34,95,-44,100
2013-04-11,-11,100,61,15,100
2013-04-12,-100,100,50,8,56
2013-04-15,10,100,100,-37,78
2013-04-16,33,-4,100,8,23
2013-04-17,100,22,55,-60,100
2013-04-18,46,-10,-9,-100,-5
2013-04-19,-34,-44,-80,-4,100
2013-04-22,13,-100,33,60,100
2013-04-23,22,-100,-84,100,-74
2013-04-24,-241,-98,-705,-216,-1294
2013-04-25,100,62,100,21,0
2013-04-26,-100,98,-15,9,100
2013-04-29,0,81,-37,47,0
2013-04-30,67,100,100,6,19
2013-05-01,67,-5,81,-20,-12
2013-05-02,-100,71,-40,-63,8
2013-05-03,-12,-59,28,0,62
2013-05-06,100,16,71,21,-81
2013-05-07,-28,100,57,-21,75
2013-05-08,100,-39,-100,0,100
2013-05-09,-100,-100,100,100,-47
2013-05-10,66,-85,52,-100,-74
2013-05-13,-74,100,7,0,-100
2013-05-14,-38,-100,-80,0,100
2013-05-15,-48,65,100,0,-100
2013-05-16,0,28,-18,0,-14
2013-05-17,0,100,36,100,100
2013-05-20,0,46,-100,-100,82
2013-05-21,33,24,-100,52,89
2013-05-22,-18,44,6,70,-68
2013-05-23,100,84,-49,-40,-100
2013-05-24,49,68,94,100,44
2013-05-28,66,100,26,81,-100
2013-05-29,-1,1,-100,-61,-9
2013-05-30,-30,74,-100,-100,-74
2013-05-31,-49,-40,3,-100,0
2013-06-03,-100,-13,24,-2,0
2013-06-04,-50,100,100,100,74
2013-06-05,0,-100,26,-47,18
2013-06-06,17,-60,-98,100,-92
2013-06-07,33,97,-100,8,100
2013-06-10,-13,54,-47,-100,100
2013-06-11,14,-100,47,100,90
2013-06-12,92,52,-54,35,-32
2013-06-13,29,79,-18,-86,-100
2013-06-14,17,100,53,76,-16
2013-06-17,95,100,-55,-75,-33
2013-06-18,20,100,0,21,-4
2013-06-19,-44,-63,35,-100,100
2013-06-20,-100,-100,100,-32,100
2013-06-21,-17,-24,10,0,100
2013-06-24,40,-75,-100,100,-44
2013-06-25,-10,-4,100,20,100
2013-06-26,-60,-42,-100,20,76
2013-06-27,41,-100,7,87,15
2013-06-28,-33,93,37,-34,-77
2013-07-01,-100,100,100,73,100
2013-07-02,93,80,100,-67,-30
2013-07-03,-18,100,58,-21,-100
2013-07-05,-53,-24,51,-18,100
2013-07-08,13,96,-25,-100,-70
2013-07-09,100,86,100,100,-100
2013-07-10,-58,82,1,70,97
2013-07-11,-88,22,-100,-5,100
2013-07-12,14,-48,100,100,-100
2013-07-15,-24,60,73,16,100
2013-07-16,58,93,73,100,-38
2013-07-17,80,9,-13,-100,100
2013-07-18,33,19,-78,-85,18
2013-07-19,-171,-1603,-529,-256,-652
2013-07-22,0,0,100,0,0
2013-07-23,0,0,-100,5,87
2013-07-24,0,0,8,22,-60
2013-07-25,0,100,-8,25,-27
2013-07-26,0,100,100,-52,100
2013-07-29,100,49,-67,100,-100
2013-07-30,17,56,44,100,81
2013-07-31,-100,-100,-5,-100,60
2013-08-01,-17,65,-45,-100,89
2013-08-02,0,100,-9,100,20
2013-08-05,0,38,-18,36,100
2013-08-06,63,100,0,98,0
2013-08-07,-11,-19,60,-31,32
2013-08-08,14,100,-60,-100,-10
2013-08-09,20,-91,77,81,-100
2013-08-12,-5,-12,78,-34,26
2013-08-13,-71,-100,-37,-14,-100
2013-08-14,84,-100,100,66,100
2013-08-15,-94,-85,100,-39,31
2013-08-16,0,100,100,53,-69
2013-08-19,100,-18,54,-82,100
2013-08-20,-100,-100,-73,-22,-100
2013-08-21,4,100,-100,-77,18
2013-08-22,98,-100,40,100,75
2013-08-23,100,100,-28,50,-100
2013-08-26,43,-80,100,-87,-70
2013-08-27,-38,40,4,-87,-42
2013-08-28,45,-84,-100,6,-37
2013-08-29,14,-100,83,25,42
2013-08-30,100,-4,31,100,100
2013-09-03,100,-55,-12,-19,100
2013-09-04,-38,0,67,11,0
2013-09-05,83,0,-44,-3,94
2013-09-06,-76,67,-100,52,100
2013-09-09,14,10,100,100,100
2013-09-10,-25,100,-89,10,-100
2013-09-11,-12,-78,-78,2,-100
2013-09-12,-84,-99,-100,-100,-81
2013-09-13,-100,100,82,-52,7
2013-09-16,-56,-100,-44,69,54
2013-09-17,-100,0,-87,-100,71
2013-09-18,100,100,-78,100,82
2013-09-19,-16,100,-46,-21,64
2013-09-20,42,-100,100,-6,100
2013-09-23,0,-100,-50,51,-5
2013-09-24,100,100,32,80,-71
2013-09-25,-46,100,2,23,100
2013-09-26,-100,-100,40,11,55
2013-09-27,-24,52,-15,100,98
2013-09-30,100,-41,72,-38,-76
2013-10-01,-19,25,-31,45,-100
2013-10-02,-100,0,11,-27,65
2013-10-03,-95,34,82,100,64
2013-10-04,-14,-100,-100,-30,-100
2013-10-07,0,100,1,100,-100
2013-10-08,100,-100,51,-59,-74
2013-10-09,-49,0,-78,100,-48
2013-10-10,100,25,48,-29,30
2013-10-11,100,72,-100,95,5
2013-10-14,88,100,50,7,-35
2013-10-15,100,-61,100,22,-58
2013-10-16,-100,-44,-100,100,91
2013-10-17,84,-100,100,-43,87
2013-10-18,100,100,49,56,43
2013-10-21,5,100,-100,-32,99
2013-10-22,4,-75,-74,-74,17
2013-10-23,-42,100,-90,-73,-5
2013-10-24,100,59,0,-79,100
2013-10-25,25,100,8,100,-85
2013-10-28,-100,80,84,-52,30
2013-10-29,-100,26,-46,100,8
2013-10-30,4,-47,-6,100,-3
2013-10-31,100,5,35,-53,79
2013-11-01,-92,-100,43,40,-55
2013-11-04,5,-99,23,10,100
2013-11-05,97,-82,-100,100,-42
2013-11-06,7,100,31,-100,100
2013-11-07,28,-9,-72,100,-98
2013-11-08,64,100,6,100,-40
2013-11-11,-94,-42,1,-82,100
2013-11-12,-45,47,5,100,87
2013-11-13,-69,-29,2,-37,30
2013-11-14,-7,-88,100,100,-100
2013-11-15,-73,-100,-13,-100,-95
2013-11-18,18,100,-100,45,100
2013-11-19,-60,26,38,47,100
2013-11-20,20,100,50,-3,-10
2013-11-21,-100,70,89,100,-100
2013-11-22,100,-100,5,-76,73
2013-11-25,-93,-77,45,-76,82
2013-11-26,-10,-38,28,100,32
2013-11-27,55,74,-55,-2,-43
2013-11-29,72,-39,-100,79,-69
2013-12-02,-82,-100,-42,46,68
2013-12-03,-100,48,26,-100,100
2013-12-04,100,-100,20,86,26
2013-12-05,16,100,68,-18,32
2013-12-06,-30,-22,-5,23,-79
2013-12-09,91,-100,-45,100,86
2013-12-10,-60,-100,16,60,-63
2013-12-11,4,-50,90,13,-39
2013-12-12,97,11,-100,-10,-97
2013-12-13,39,9,-54,72,-80
2013-12-16,100,100,7,-48,83
2013-12-17,-100,-66,11,-81,0
2013-12-18,-66,-52,-93,-63,-4
2013-12-19,100,-2,0,-100,-16
2013-12-20,100,0,0,-6,16
2013-12-23,98,0,0,-32,-100
2013-12-24,-18,100,58,-100,100
2013-12-26,100,-34,-58,-63,100
2013-12-27,-19,67,0,100,81
2013-12-30,58,-7,0,100,6
2013-12-31,0,100,100,100,-92
2014-01-02,100,100,-82,100,100
2014-01-03,100,86,9,-100,73
2014-01-06,-3,100,-27,12,48
2014-01-07,8,-100,0,-100,100
2014-01-08,85,-23,15,-83,11
2014-01-09,37,41,44,-100,-63
2014-01-10,-100,-100,33,-100,-27
2014-01-13,64,55,-92,-33,10
2014-01-14,-5,100,19,-20,15
2014-01-15,4,10,2,9,16
2014-01-16,-100,-100,2,43,-64
2014-01-17,100,-69,16,-97,30
2014-01-21,-100,-37,-21,-45,57
2014-01-22,1,-42,2,-4,5
2014-01-23,22,81,100,-59,100
2014-01-24,68,-30,-25,-100,100
2014-01-27,8,100,41,100,42
2014-01-28,83,100,-1,52,56
2014-01-29,46,68,-100,100,13
2014-01-30,14,-1,67,-34,47
2014-01-31,100,-52,48,55,-8
2014-02-03,-55,-100,-53,71,78
2014-02-04,-100,48,-83,39,100
2014-02-05,-100,-100,-14,88,88
2014-02-06,64,-100,0,-83,-100
2014-02-07,100,-76,13,100,-100
2014-02-10,-100,100,-13,-48,-9
2014-02-11,-30,100,23,10,18
2014-02-12,-100,63,-23,100,-65
2014-02-13,55,-50,100,30,-100
2014-02-14,-100,14,35,84,76
2014-02-18,-100,-100,67,100,100
2014-02-19,69,64,100,41,-52
2014-02-20,29,-100,100,-100,38
2014-02-21,54,100,1,-100,-49
2014-02-24,-50,-85,100,58,-75
2014-02-25,91,-78,-11,-24,-100
2014-02-26,-41,-100,28,-66,100
2014-02-27,-64,26,100,3,-100
2014-02-28,-100,100,100,100,-11
2014-03-03,-100,-26,-65,14,75
2014-03-04,-13,36,-76,32,95
2014-03-05,100,14,57,20,-11
2014-03-06,86,-30,-79,-100,-76
2014-03-07,-68,-69,33,-36,-14
2014-03-10,26,-5,-100,31,15
2014-03-11,-61,63,100,28,-18
2014-03-12,-48,71,-69,56,90
2014-03-13,-9,62,-100,95,-14
2014-03-14,-100,-86,-11,-57,75
2014-03-17,-100,55,100,39,-2
2014-03-18,-90,-84,65,80,-16
2014-03-19,100,-100,100,15,-73
2014-03-20,-78,77,-72,-43,-100
2014-03-21,-27,-15,100,25,10
2014-03-24,-86,100,-100,-32,-47
2014-03-25,-66,66,-100,34,21
2014-03-26,100,-48,96,-100,-60
2014-03-27,100,-7,-53,-62,63
2014-03-28,5,46,100,-36,6
2014-03-31,-38,14,10,-64,-66
2014-04-01,-100,40,59,100,-45
2014-04-02,100,46,41,-100,59
2014-04-03,-14,100,-100,-44,49
2014-04-04,-100,39,4,-100,-61
2014-04-07,18,100,-16,32,44
2014-04-08,2,100,-100,-29,100
2014-04-09,-100,-84,-100,39,12
2014-04-10,-61,-72,-18,-94,-80
2014-04-11,-100,44,33,26,77
2014-04-14,-13,-2,0,3,-100
2014-04-15,-63,5,6,-7,98
2014-04-16,-26,16,100,71,-100
2014-04-17,0,-35,100,-100,100
2014-04-21,24,-98,-68,-52,-100
2014-04-22,-24,-100,100,93,59
2014-04-23,0,-75,-100,-58,5
2014-04-24,100,11,-25,-62,-40
2014-04-25,-82,-100,8,-100,100
2014-04-28,88,100,-100,100,-92
2014-04-29,-30,46,28,-100,-22
2014-04-30,-76,54,-29,-63,100
2014-05-01,29,-82,-79,-98,49
2014-05-02,99,-17,-6,-35,100
2014-05-05,62,100,61,-100,-45
2014-05-06,-100,100,-34,42,15
2014-05-07,91,46,29,-42,-100
2014-05-08,-100,-100,68,-32,-100
2014-05-09,14,96,67,100,19
2014-05-12,-14,59,-100,100,31
2014-05-13,-39,100,-100,73,-100
2014-05-14,100,24,-100,-62,100
2014-05-15,100,49,12,-29,49
2014-05-16,-81,-40,41,-28,-47
2014-05-19,100,-100,14,-41,-100
2014-05-20,46,100,26,-49,2
2014-05-21,100,84,8,66,91
2014-05-22,-66,100,19,100,78
2014-05-23,-14,80,33,100,-2
2014-05-27,11,63,24,-100,-45
2014-05-28,50,-39,-58,-28,-42
2014-05-29,-100,-100,-58,36,-100
2014-05-30,5,51,61,-100,-40
2014-06-02,-63,33,-100,-85,-67
2014-06-03,-1,10,35,-100,-24
2014-06-04,100,18,28,-100,-47
2014-06-05,84,-46,24,-100,-32
2014-06-06,-93,90,-25,-68,-98
2014-06-09,-100,-100,-14,72,99
2014-06-10,70,-60,30,-19,33
2014-06-11,-84,46,88,29,-100
2014-06-12,100,30,-100,8,100
2014-06-13,100,33,38,-24,-14
2014-06-16,100,100,-38,36,-100
2014-06-17,-100,-26,50,-42,-13
2014-06-18,-100,-88,28,-70,-100
2014-06-19,-28,76,-100,100,100
2014-06-20,83,9,-21,100,100
2014-06-23,100,84,-100,-95,-91
2014-06-24,37,100,33,-100,72
2014-06-25,-70,-100,68,22,37
2014-06-26,42,-12,-100,100,38
2014-06-27,-11,12,10,100,-30
2014-06-30,-63,22,-100,-16,52
2014-07-01,63,28,52,16,67
2014-07-02,-87,-100,35,-100,-82
2014-07-03,97,-100,-100,-80,-97
2014-07-07,-30,36,3,100,-79
2014-07-08,56,16,-30,-100,51
2014-07-09,1,-63,3,-100,79
2014-07-10,-73,52,0,98,-100
2014-07-11,25,39,-100,88,3
2014-07-14,71,100,-4,-30,-100
2014-07-15,37,-100,66,-100,-45
2014-07-16,100,-55,86,-40,73
2014-07-17,10,-50,18,100,-60
2014-07-18,100,-100,-43,-90,-37
2014-07-21,-100,-100,-54,37,-100
2014-07-22,-27,-100,100,-16,73
2014-07-23,-100,-20,51,14,51
2014-07-24,-55,2,100,52,-9
2014-07-25,100,-80,77,-44,14
2014-07-28,100,-32,30,100,28
2014-07-29,-11,3,86,-4,-67
2014-07-30,-100,-100,72,100,0
2014-07-31,-77,89,-100,100,100
2014-08-01,-100,-100,-86,-1,100
2014-08-04,66,31,7,29,-42
2014-08-05,69,18,4,100,-80
2014-08-06,-28,-3,-25,-33,100
2014-08-07,-100,-72,98,-79,100
2014-08-08,69,12,-49,17,28
2014-08-11,-100,100,-100,-55,-100
2014-08-12,-100,6,-100,100,40
2014-08-13,-100,-62,68,-100,-10
2014-08-14,-100,36,59,-26,-60
2014-08-15,47,-100,100,-61,-100
2014-08-18,0,-67,17,10,53
2014-08-19,-15,-51,-100,15,-100
2014-08-20,49,-57,-13,17,40
2014-08-21,-20,100,-69,77,-100
2014-08-22,55,-17,100,-54,-61
2014-08-25,-54,-100,100,-100,-53
2014-08-26,-73,-40,100,-3,8
2014-08-27,-61,83,-53,-78,24
2014-08-28,9,25,-12,-33,-36
2014-08-29,100,100,25,-61,-100
2014-09-02,-82,1,-100,98,-100
2014-09-03,1,30,37,-25,-7
2014-09-04,100,-100,6,100,78
2014-09-05,-58,100,-100,100,-86
2014-09-08,-70,-23,-67,-49,-23
2014-09-09,68,12,100,-90,-31
2014-09-10,-16,24,-100,-18,-100
2014-09-11,100,28,-40,100,100
2014-09-12,-100,0,-44,100,100
2014-09-15,20,25,-100,100,100
2014-09-16,-65,100,66,-38,-9
2014-09-17,38,-100,-1,100,35
2014-09-18,88,71,-33,-100,-100
2014-09-19,82,91,35,35,-12
2014-09-22,20,90,33,-45,100
2014-09-23,-100,14,35,-24,-78
2014-09-24,-51,14,13,100,69
2014-09-25,38,11,-100,28,-100
2014-09-26,-59,88,-7,24,89
2014-09-29,83,-56,-23,100,91
2014-09-30,-100,100,6,100,-56
2014-10-01,63,-41,65,0,-82
2014-10-02,63,-2,-13,90,40
2014-10-03,-65,-100,73,-92,100
2014-10-06,-66,-100,-37,-14,78
2014-10-07,21,-100,-100,-1,-100
2014-10-08,45,-15,-53,-26,-85
2014-10-09,100,-100,29,22,99
2014-10-10,-8,-100,25,100,21
2014-10-13,-40,-100,-98,-26,-100
2014-10-14,61,68,-41,-100,100
2014-10-15,-97,100,100,-9,-31
2014-10-16,76,-4,24,-98,-100
2014-10-17,-52,100,30,55,79
2014-10-20,-31,-69,71,-100,100
2014-10-21,-100,-100,-88,100,-58
2014-10-22,-16,-100,-3,-6,63
2014-10-23,0,-100,1,-14,-35
2014-10-24,2,90,51,-100,63
2014-10-27,77,-49,16,100,-6
2014-10-28,15,64,-64,75,42
2014-10-29,-48,81,12,-4,0
2014-10-30,100,-21,28,-27,-100
2014-10-31,-36,23,3,54,-100
2014-11-03,100,100,-50,14,100
2014-11-04,83,-15,100,-28,29
2014-11-05,-100,20,-28,26,32
2014-11-06,-100,13,-100,21,67
2014-11-07,-52,10,-100,65,100
2014-11-10,-41,-39,100,-100,40
2014-11-11,100,-57,32,67,40
2014-11-12,-51,-100,-18,-100,-11
2014-11-13,0,13,47,100,92
2014-11-14,99,100,-62,100,-100
2014-11-17,-100,56,100,-16,-33
2014-11-18,65,100,-61,-20,-27
2014-11-19,-98,50,-100,54,37
2014-11-20,-15,100,-66,100,100
2014-11-21,0,34,7,-59,-44
2014-11-24,100,-39,74,-59,100
2014-11-25,100,-39,7,64,-27
2014-11-26,-100,-27,96,-100,100
2014-11-28,95,-69,-89,55,-100
2014-12-01,-66,-21,100,100,100
2014-12-02,-85,-100,40,22,67
2014-12-03,-44,-69,-15,-10,-77
2014-12-04,5,-93,-71,-23,13
2014-12-05,-5,100,-71,7,46
2014-12-08,22,-21,-79,16,0
2014-12-09,100,-87,45,-53,-26
2014-12-10,100,-100,15,13,-63
2014-12-11,-61,-97,-26,-40,61
2014-12-12,-2,-67,100,100,98
2014-12-15,-100,37,58,85,-100
2014-12-16,-59,-100,8,-54,100
2014-12-17,0,42,-13,28,62
2014-12-18,0,59,100,71,81
2014-12-19,40,77,-3,-100,47
2014-12-22,100,11,52,-100,5
2014-12-23,100,100,-44,21,100
2014-12-24,9,100,57,11,100
2014-12-26,-80,100,18,15,-21
2014-12-29,17,50,-26,-26,-68
2014-12-30,-17,100,-100,-32,89
2014-12-31,100,100,-8,69,-13
2015-01-02,-57,97,0,-92,100
2015-01-05,-54,28,-33,-24,-3
2015-01-06,-16,-7,20,-8,0
2015-01-07,-29,-100,-100,-100,-96
2015-01-08,-100,-100,27,-15,3
2015-01-09,-13,-58,-100,-100,100
2015-01-12,48,-30,-47,-74,-88
2015-01-13,5,49,0,16,-7
2015-01-14,100,89,100,89,-53
2015-01-15,1,-76,100,-20,-88
2015-01-16,100,19,-16,54,33
2015-01-20,-70,-71,-39,100,73
2015-01-21,48,100,-46,-52,81
2015-01-22,-232,-737,-99,-959,-2183
2015-01-23,66,0,0,38,0
2015-01-26,100,24,100,90,0
2015-01-27,-166,-24,-100,-128,0
2015-01-28,0,0,89,63,0
2015-01-29,47,4,100,17,0
2015-01-30,100,100,100,100,20
2015-02-02,-82,65,-100,-4,88
2015-02-03,-65,11,-41,8,25
2015-02-04,27,58,20,69,-32
2015-02-05,74,100,100,-100,100
2015-02-06,45,-100,4,82,75
2015-02-09,-75,100,50,100,100
2015-02-10,21,71,-70,22,36
2015-02-11,-72,-100,-76,100,100
2015-02-12,-20,-309,-176,-457,-512
2015-02-13,19,0,6,0,12
2015-02-17,71,100,-6,100,100
2015-02-18,-74,-100,0,-90,100
2015-02-19,42,100,4,81,-12
2015-02-20,-58,-100,-4,-59,85
2015-02-23,0,100,0,-32,-10
2015-02-24,0,100,100,0,75
2015-02-25,0,-100,4,78,100
2015-02-26,100,-100,40,-78,9
2015-02-27,-100,82,81,100,15
2015-03-02,89,-82,-72,-100,-30
2015-03-03,-11,100,100,0,75
2015-03-04,-78,92,-18,10,63
2015-03-05,0,-100,84,-10,100
2015-03-06,16,-92,-13,0,100
2015-03-09,-16,0,-29,90,41
2015-03-10,100,0,-100,100,-100
2015-03-11,67,0,-26,26,100
2015-03-12,15,100,10,-100,-100
2015-03-13,-8,-13,40,-5,-100
2015-03-16,100,-8,68,-100,-100
2015-03-17,94,27,-100,11,-33
2015-03-18,-46,56,-100,-22,41
2015-03-19,-100,-7,-6,0,100
2015-03-20,50,78,-25,0,100
2015-03-23,-11,27,80,0,-18
2015-03-24,-100,-25,-22,100,100
2015-03-25,-73,-80,28,-58,-94
2015-03-26,-70,-88,-1,1,-62
2015-03-27,-18,-61,43,-43,50
2015-03-30,0,-6,98,6,-100
2015-03-31,74,21,-38,100,45
2015-04-01,100,45,-31,-46,100
2015-04-02,100,52,11,-60,-100
2015-04-06,6,100,60,100,-15
2015-04-07,-67,-100,-100,36,-92
2015-04-08,-15,68,-60,83,88
2015-04-09,-100,-18,-29,-100,-100
2015-04-10,23,100,-29,100,-57
2015-04-13,-90,-38,100,77,-66
2015-04-14,-29,-65,-44,100,67
2015-04-15,-2,96,-59,100,-16
2015-04-16,0,-100,-45,-100,87
2015-04-17,0,-70,0,62,100
2015-04-20,84,-24,0,30,100
2015-04-21,100,-22,0,25,100
2015-04-22,-100,15,100,-100,20
2015-04-23,33,35,-13,-92,51
2015-04-24,-117,-95,-87,-321,-919
2015-04-27,6,100,0,0,0
2015-04-28,-6,27,0,100,100
2015-04-29,50,35,0,-15,30
2015-04-30,37,-100,0,100,-38
2015-05-01,-87,100,0,-89,-24
2015-05-04,32,-100,0,100,-43
2015-05-05,100,-62,38,15,100
2015-05-06,73,0,42,77,-100
2015-05-07,36,14,4,100,-19
2015-05-08,-73,68,100,37,-6
2015-05-11,19,-11,-94,-100,79
2015-05-12,-53,-58,-46,100,81
2015-05-13,100,55,-44,100,-69
2015-05-14,21,100,0,-17,-61
2015-05-15,-100,30,63,-30,-30
2015-05-18,20,-5,48,100,0
2015-05-19,100,100,-56,-30,0
2015-05-20,-100,-2,-55,60,7
2015-05-21,-100,-65,0,87,27
2015-05-22,-48,16,38,-80,75
2015-05-26,49,-90,-38,67,100
2015-05-27,100,32,0,-100,37
2015-05-28,-23,19,31,-100,18
2015-05-29,-11,-41,3,-42,100
2015-06-01,-100,-50,-8,-2,6
2015-06-02,27,40,100,45,-92
2015-06-03,-4,24,-47,100,100
2015-06-04,20,-26,-79,24,100
2015-06-05,66,99,0,-100,100
2015-06-08,63,-100,18,-28,16
2015-06-09,-24,-100,65,51,100
2015-06-10,76,-49,67,-100,-73
2015-06-11,-24,100,49,-100,9
2015-06-12,9,-10,56,-65,-97
2015-06-15,-43,100,-62,-43,-100
2015-06-16,100,30,76,-13,5
2015-06-17,100,-100,-77,-2,-43
2015-06-18,58,73,-89,3,-30
2015-06-19,86,100,-1,65,89
2015-06-22,-100,6,-68,-13,-82
2015-06-23,-100,-85,100,4,73
2015-06-24,-57,100,14,-100,98
2015-06-25,-18,-12,53,-35,57
2015-06-26,-7,-100,100,75,44
2015-06-29,100,-66,-64,88,55
2015-06-30,59,100,-2,24,100
2015-07-01,-3,-80,-91,25,-66
2015-07-02,-100,82,-9,-18,-65
2015-07-06,-90,-79,16,-100,-1
2015-07-07,1,100,87,44,82
2015-07-08,17,100,2,45,100
2015-07-09,79,34,-26,-48,-38
2015-07-10,100,28,64,100,100
2015-07-13,65,-85,100,100,98
2015-07-14,100,100,100,-78,-63
2015-07-15,18,100,32,98,-16
2015-07-16,-8,-21,27,34,100
2015-07-17,-83,-44,-5,100,15
2015-07-20,58,-36,-13,-100,-84
2015-07-21,-56,-100,-100,100,-17
2015-07-22,43,100,-24,-7,-42
2015-07-23,37,-1,15,4,100
2015-07-24,-100,100,-100,-72,100
2015-07-27,5,-100,-100,68,95
2015-07-28,82,-73,100,22,51
2015-07-29,80,-6,60,-24,-100
2015-07-30,7,100,100,41,100
2015-07-31,-100,-99,-100,43,67
2015-08-03,-100,100,0,5,-10
2015-08-04,100,18,53,88,100
2015-08-05,-100,-100,14,-37,39
2015-08-06,100,-54,-100,-99,-49
2015-08-07,43,-73,100,64,44
2015-08-10,30,24,-86,49,-100
2015-08-11,55,-52,100,1,3
2015-08-12,2,100,-77,-49,100
2015-08-13,100,42,-10,-87,7
2015-08-14,100,-33,-100,-74,-23
2015-08-17,20,-100,-14,-87,-100
2015-08-18,28,31,99,100,100
2015-08-19,70,0,76,8,-47
2015-08-20,70,-58,36,100,77
2015-08-21,87,-100,-77,100,33
2015-08-24,16,-100,52,-100,100
2015-08-25,-48,64,99,-100,20
2015-08-26,47,-27,-68,100,-100
2015-08-27,44,100,-64,-50,100
2015-08-28,4,49,-100,100,-92
2015-08-31,44,-33,88,92,-95
2015-09-01,-88,76,100,-29,100
2015-09-02,-21,100,73,-70,-100
2015-09-03,-29,-100,41,76,100
2015-09-04,-98,62,36,65,-5
2015-09-08,43,-78,-100,-41,20
2015-09-09,100,26,8,-70,77
2015-09-10,65,100,-100,100,-100
2015-09-11,-83,100,100,-51,-100
2015-09-14,-100,-39,-100,100,-29
2015-09-15,100,76,43,45,-100
2015-09-16,62,-72,-30,-40,76
2015-09-17,69,-100,-97,-100,70
2015-09-18,-100,100,-100,100,100
2015-09-21,93,100,-74,-100,11
2015-09-22,-100,-87,-10,57,11
2015-09-23,-83,100,-25,100,80
2015-09-24,-100,-13,64,100,100
2015-09-25,-33,-100,45,-42,-16
2015-09-28,100,71,83,100,100
2015-09-29,-52,38,52,50,46
2015-09-30,-100,36,58,12,0
2015-10-01,-100,-78,-100,18,100
2015-10-02,11,-69,100,-16,-100
2015-10-05,-47,37,60,-90,77
2015-10-06,1,-100,-42,92,-9
2015-10-07,13,45,83,97,40
2015-10-08,10,-77,0,100,100
2015-10-09,85,26,100,100,79
2015-10-12,-54,100,-67,100,100
2015-10-13,24,-100,3,100,100
2015-10-14,100,0,-100,95,43
2015-10-15,-38,11,100,100,-100
2015-10-16,-100,-32,48,-7,58
2015-10-19,-45,-34,-23,-79,46
2015-10-20,56,86,-30,-66,-13
2015-10-21,-23,80,17,-100,85
2015-10-22,-97,38,-30,-27,100
2015-10-23,-734,-483,-577,-1598,-2569
2015-10-26,100,0,78,0,0
2015-10-27,68,100,-78,100,0
2015-10-28,-71,-45,0,74,64
2015-10-29,-34,72,0,-32,-64
2015-10-30,100,75,0,100,21
2015-11-02,100,80,0,-100,-21
2015-11-03,-51,100,100,100,0
2015-11-04,-100,23,31,-100,0
2015-11-05,-17,-66,-25,74,54
2015-11-06,38,-100,-45,9,100
2015-11-09,100,89,100,-29,100
2015-11-10,60,100,99,4,100
2015-11-11,40,-15,-69,-21,87
2015-11-12,-87,-56,-99,-53,75
2015-11-13,-65,-100,-82,-100,-49
2015-11-16,100,-91,55,-26,-18
2015-11-17,-61,-100,100,0,-38
2015-11-18,-20,-66,-87,0,-100
2015-11-19,-4,100,74,0,-63
2015-11-20,-46,100,-100,0,69
2015-11-23,-72,-9,69,0,-55
2015-11-24,-78,100,74,0,-18
2015-11-25,0,-36,-100,100,-83
2015-11-27,0,60,100,-27,100
2015-11-30,7,33,-94,61,20
2015-12-01,-7,19,-100,13,-100
2015-12-02,0,-57,100,-42,8
2015-12-03,0,74,15,-82,100
2015-12-04,0,9,-11,-23,45
2015-12-07,0,-83,-10,49,100
2015-12-08,11,72,0,100,-64
2015-12-09,100,76,-95,-67,100
2015-12-10,-71,37,100,63,59
2015-12-11,-40,-6,21,100,-59
2015-12-14,0,-74,83,-12,-100
2015-12-15,100,48,26,-100,-4
2015-12-16,-44,-22,100,-100,52
2015-12-17,-56,-48,74,100,45
2015-12-18,89,-71,-100,80,100
2015-12-21,22,28,100,-63,-64
2015-12-22,-100,-97,3,100,-7
2015-12-23,-11,-30,65,-100,-24
2015-12-24,0,-100,-71,-100,100
2015-12-28,0,-100,-7,-50,-83
2015-12-29,53,-23,-85,0,-40
2015-12-30,46,0,-100,77,55
2015-12-31,-19,25,14,45,-50
2016-01-04,21,50,-100,0,-100
2016-01-05,-26,100,-66,-100,-27
2016-01-06,61,100,30,-22,69
2016-01-07,100,9,100,20,78
2016-01-08,-20,79,-61,-20,-14
2016-01-11,-71,97,-62,0,76
2016-01-12,-46,26,2,29,-31
2016-01-13,28,-59,70,-18,-71
2016-01-14,100,-43,65,100,39
2016-01-15,100,-94,100,81,100
2016-01-19,92,89,77,100,53
2016-01-20,89,-38,49,-24,20
2016-01-21,36,-26,-18,16,-100
2016-01-22,-544,-315,-409,-284,-542
2016-01-25,0,100,8,0,0
2016-01-26,73,-100,-8,0,0
2016-01-27,56,0,0,0,0
2016-01-28,63,22,94,0,100
2016-01-29,100,-18,-94,0,-23
2016-02-01,100,-4,0,0,100
2016-02-02,8,0,76,100,74
2016-02-03,-6,0,-61,-100,-18
2016-02-04,58,100,30,35,-85
2016-02-05,-100,-42,100,-28,100
2016-02-08,9,-58,-100,16,100
2016-02-09,100,0,-45,100,69
2016-02-10,-100,0,41,76,-100
2016-02-11,63,0,-41,71,-11
2016-02-12,-424,0,0,-270,-306
2016-02-16,0,7,56,100,100
2016-02-17,38,-7,60,-52,88
2016-02-18,-31,0,-36,-48,100
2016-02-19,-7,9,88,0,100
2016-02-22,100,-3,81,0,-15
2016-02-23,66,33,-47,0,49
2016-02-24,-48,0,-63,100,30
2016-02-25,-37,4,-100,100,-100
2016-02-26,-81,57,-39,51,-47
2016-02-29,72,-76,100,-100,100
2016-03-01,-72,100,-100,27,64
2016-03-02,100,-100,0,80,100
2016-03-03,-100,100,49,-27,-100
2016-03-04,0,-7,100,60,-21
2016-03-07,0,100,2,28,-100
2016-03-08,0,48,100,-89,-100
2016-03-09,0,-39,-87,33,-2
2016-03-10,100,-2,100,-42,87
2016-03-11,51,80,-100,-50,100
2016-03-14,-20,-40,-51,23,50
2016-03-15,-100,-100,-25,100,-82
2016-03-16,-27,25,10,12,-100
2016-03-17,-4,-96,74,-100,-100
2016-03-18,0,67,33,42,82
2016-03-21,0,-8,-59,1,85
2016-03-22,4,100,19,-81,13
2016-03-23,48,77,-98,-80,-11
2016-03-24,-17,-94,100,-88,25
2016-03-28,-35,8,-84,80,-48
2016-03-29,0,-31,100,-80,-25
2016-03-30,26,-100,-51,100,100
2016-03-31,100,-55,-88,90,-15
2016-04-01,34,-57,-44,-5,-100
2016-04-04,-65,0,20,67,-50
2016-04-05,-95,2,-20,98,77
2016-04-06,42,56,100,16,-45
2016-04-07,46,-58,13,100,100
2016-04-08,-32,100,2,3,52
2016-04-11,-10,100,97,100,24
2016-04-12,-46,-17,85,-16,68
2016-04-13,0,100,23,57,-36
2016-04-14,0,100,100,-42,-42
2016-04-15,0,-90,29,9,-100
2016-04-18,49,100,100,-100,-27
2016-04-19,-5,-67,99,-16,-100
2016-04-20,-44,-100,-3,58,68
2016-04-21,100,-41,20,100,-37
2016-04-22,-99,-3,-82,-33,-100
2016-04-25,-1,-100,82,-100,0
2016-04-26,0,100,-100,-48,-29
2016-04-27,100,-100,100,100,32
2016-04-28,-45,-68,57,9,-41
2016-04-29,-55,-14,4,70,15
2016-05-02,1,0,69,100,-100
2016-05-03,0,100,-100,100,100
2016-05-04,100,-66,17,-23,100
2016-05-05,-17,-33,-100,100,15
2016-05-06,-38,-1,-12,-83,-7
2016-05-09,-10,0,-44,46,86
2016-05-10,100,94,-100,-2,100
2016-05-11,-100,56,-83,-17,-59
2016-05-12,49,91,-100,99,38
2016-05-13,90,-89,-65,-9,-14
2016-05-16,-31,-5,-61,-100,51
2016-05-17,100,41,-100,-100,-43
2016-05-18,-7,-100,-26,-37,55
2016-05-19,-100,-76,34,-100,-4
2016-05-20,-82,100,63,17,-100
2016-05-23,-15,-85,39,-100,-100
2016-05-24,-40,76,56,100,-7
2016-05-25,0,-100,-39,23,-75
2016-05-26,100,-3,100,19,-100
2016-05-27,-88,0,-100,71,-42
2016-05-31,30,23,37,89,-5
2016-06-01,-42,-23,100,100,100
2016-06-02,70,0,-87,-29,44
2016-06-03,68,9,-86,-8,-98
2016-06-06,-63,-9,4,-78,4
2016-06-07,81,100,87,-65,32
2016-06-08,-65,-100,-87,-84,29
2016-06-09,-91,0,57,91,-46
2016-06-10,100,15,55,60,-43
2016-06-13,40,-15,-44,-100,67
2016-06-14,100,100,-72,10,92
2016-06-15,-79,100,-26,-100,52
2016-06-16,100,-97,37,-100,-100
2016-06-17,-5,100,-19,86,100
2016-06-20,-100,34,100,84,20
2016-06-21,51,-100,100,52,70
2016-06-22,73,6,100,100,100
2016-06-23,100,100,30,66,100
2016-06-24,100,20,100,71,100
2016-06-27,100,-100,-100,-88,-12
2016-06-28,-64,17,-93,-30,12
2016-06-29,-100,-83,-53,-100,-85
2016-06-30,-100,100,80,100,-26
2016-07-01,41,-81,-100,79,10
2016-07-05,-100,14,93,100,100
2016-07-06,-39,100,100,100,85
2016-07-07,89,-32,3,-23,44
2016-07-08,46,100,-85,100,46
2016-07-11,-100,100,11,-9,-6
2016-07-12,4,65,-50,-100,-25
2016-07-13,72,45,-100,11,49
2016-07-14,87,72,-62,35,-1
2016-07-15,100,100,-100,65,-23
2016-07-18,2,-74,31,100,-100
2016-07-19,-99,1,64,100,44
2016-07-20,100,-100,-43,87,-100
2016-07-21,63,-49,100,-4,-100
2016-07-22,-100,-75,100,-26,-58
2016-07-25,-100,-26,97,79,30
2016-07-26,-48,-75,-100,100,-15
2016-07-27,58,4,100,73,-43
2016-07-28,88,100,-81,100,-77
2016-07-29,-89,-100,98,-61,-10
2016-08-01,-87,-100,100,70,100
2016-08-02,-41,58,100,38,26
2016-08-03,23,-71,94,-100,100
2016-08-04,100,100,-100,-100,-6
2016-08-05,46,33,-2,90,90
2016-08-08,-99,-98,-67,74,52
2016-08-09,88,-100,100,-6,100
2016-08-10,100,-28,100,100,-100
2016-08-11,100,-47,-13,8,92
2016-08-12,100,-33,-100,56,100
2016-08-15,100,0,95,-13,55
2016-08-16,5,0,100,-36,-19
2016-08-17,100,0,85,100,1
2016-08-18,51,0,46,-4,55
2016-08-19,9,100,100,100,52
2016-08-22,-21,100,-100,-30,-47
2016-08-23,-43,-100,36,67,-100
2016-08-24,-16,22,-81,-54,-100
2016-08-25,-25,-68,-29,-4,82
2016-08-26,37,-54,34,18,98
2016-08-29,100,0,6,-70,91
2016-08-30,-37,25,-62,0,23
2016-08-31,100,86,-100,-14,-100
2016-09-01,46,100,-16,-100,-6
2016-09-02,100,-17,-46,83,5
2016-09-06,28,88,-46,-56,-21
2016-09-07,43,81,44,100,100
2016-09-08,-75,-100,-100,-1,-50
2016-09-09,58,-36,100,-100,-56
2016-09-12,-88,-100,9,-44,49
2016-09-13,100,-100,100,-100,100
2016-09-14,-75,40,71,-88,-62
2016-09-15,100,52,28,100,-52
2016-09-16,36,-10,-100,-25,8
2016-09-19,-94,-100,17,-100,18
2016-09-20,-100,100,-68,41,77
2016-09-21,100,100,-99,-100,-24
2016-09-22,27,-57,-81,-100,-37
2016-09-23,100,-89,15,100,-100
2016-09-26,100,100,2,-19,100
2016-09-27,53,100,26,-21,-2
2016-09-28,0,-59,62,97,-58
2016-09-29,-12,16,-62,100,100
2016-09-30,-13,20,100,-80,100
2016-10-03,13,-28,100,13,100
2016-10-04,23,-100,-54,-100,-88
2016-10-05,-65,-100,43,100,-54
2016-10-06,100,41,86,100,-100
2016-10-07,-24,100,-100,-100,83
2016-10-10,9,8,70,73,-100
2016-10-11,-5,0,75,-51,-50
2016-10-12,-100,75,-100,100,-42
2016-10-13,-100,24,-100,-100,59
2016-10-14,49,-17,-7,-100,100
2016-10-17,-14,-61,100,100,-85
2016-10-18,-29,100,49,100,100
2016-10-19,-100,40,-100,100,100
2016-10-20,-1272,-322,-830,-1966,-1244
2016-10-21,100,51,0,95,100
2016-10-24,8,21,0,41,52
2016-10-25,-16,27,58,100,41
2016-10-26,-16,-33,-58,100,-26
2016-10-27,33,-66,46,-100,34
2016-10-28,-109,0,-46,-236,-201
2016-10-31,28,0,0,100,100
2016-11-01,100,100,0,100,28
2016-11-02,44,-8,0,-60,47
2016-11-03,45,-92,0,73,100
2016-11-04,98,0,100,43,90
2016-11-07,-46,0,-100,53,84
2016-11-08,100,0,75,100,31
2016-11-09,-50,0,86,38,10
2016-11-10,-100,100,0,-63,17
2016-11-11,62,-100,100,-9,43
2016-11-14,53,0,-49,40,-73
2016-11-15,-29,0,-100,-83,5
2016-11-16,-63,0,0,19,100
2016-11-17,57,100,-9,-9,-57
2016-11-18,1,-74,0,100,-33
2016-11-21,-100,-26,-100,100,23
2016-11-22,84,0,-3,-16,100
2016-11-23,-72,0,100,56,100
2016-11-25,-100,0,62,15,18
2016-11-28,80,0,-28,36,-71
2016-11-29,100,0,21,100,80
2016-11-30,44,0,100,23,-31
2016-12-01,-100,59,51,38,-90
2016-12-02,19,-7,-42,-100,100
2016-12-05,-30,5,50,31,79
2016-12-06,-15,39,38,100,-8
2016-12-07,-29,-21,-3,-37,-100
2016-12-08,-22,-75,-68,-100,82
2016-12-09,74,86,80,-73,80
2016-12-12,100,-86,43,97,-11
2016-12-13,77,66,-100,85,18
2016-12-14,100,100,-100,-53,-100
2016-12-15,-98,-100,23,100,100
2016-12-16,-25,-52,96,-3,25
2016-12-19,-61,49,70,39,-100
2016-12-20,-41,-63,-11,100,-100
2016-12-21,100,10,4,-73,22
2016-12-22,100,19,34,-51,100
2016-12-23,28,-29,100,100,-100
2016-12-27,36,100,68,77,-100
2016-12-28,100,-93,100,83,100
2016-12-29,-55,-7,97,78,-100
2016-12-30,100,0,-100,-41,97
2017-01-03,-48,84,82,-78,100
2017-01-04,-100,12,-100,-100,-2
2017-01-05,54,100,-34,-99,61
2017-01-06,-62,4,-41,100,-24
2017-01-09,-84,-9,-71,-93,3
2017-01-10,-69,100,-43,100,29
2017-01-11,-73,-39,93,-86,-39
2017-01-12,82,-29,100,-100,9
2017-01-13,-19,100,47,-100,-17
2017-01-17,-48,-72,-100,100,-66
2017-01-18,41,26,72,26,100
2017-01-19,91,4,81,-76,90
2017-01-20,74,14,-44,19,50
2017-01-23,-76,-52,51,-100,100
2017-01-24,-100,89,26,100,-100
2017-01-25,39,74,-90,16,-95
2017-01-26,-100,-25,-17,100,5
2017-01-27,-100,-74,100,100,5
2017-01-30,24,-69,-100,100,-100
2017-01-31,-8,62,100,-20,-26
2017-02-01,38,50,100,-38,14
2017-02-02,100,18,-100,98,63
2017-02-03,-20,4,-21,-60,29
2017-02-06,62,100,-36,34,60
2017-02-07,43,8,-26,67,-22
2017-02-08,-74,-35,-100,29,100
2017-02-09,1,-100,89,63,-39
2017-02-10,-35,-24,5,-16,-100
2017-02-13,100,-100,-26,100,100
2017-02-14,76,100,-100,62,97
2017-02-15,1,19,-100,-14,-100
2017-02-16,-23,29,1,2,100
2017-02-17,-41,61,-29,-100,-100
2017-02-21,62,100,-14,-15,92
2017-02-22,21,100,-100,64,1
2017-02-23,-47,-100,-100,3,-9
2017-02-24,-2,-31,84,15,100
2017-02-27,30,-100,-100,-58,-57
2017-02-28,95,100,-100,44,-11
2017-03-01,4,-17,100,19,100
2017-03-02,59,-23,-10,100,58
2017-03-03,-64,1,77,100,30
2017-03-06,-21,-1,63,-21,55
2017-03-07,-58,-100,-76,-71,100
2017-03-08,-100,-77,-12,52,27
2017-03-09,-62,-1,-72,79,-98
2017-03-10,-74,91,83,100,-62
2017-03-13,100,-100,-86,20,26
2017-03-14,-73,91,100,100,61
2017-03-15,-100,62,54,100,39
2017-03-16,-100,42,47,-52,46
2017-03-17,-79,-100,57,-100,-100
2017-03-20,-1,100,86,55,-19
2017-03-21,48,-18,100,100,-71
2017-03-22,98,69,34,-100,-53
2017-03-23,54,-30,60,100,-100
2017-03-24,-35,7,54,10,100
2017-03-27,-55,100,-58,-100,100
2017-03-28,-30,-11,45,-65,-32
2017-03-29,-20,-15,85,47,47
2017-03-30,1,-69,78,100,36
2017-03-31,72,86,36,-15,-100
2017-04-03,-26,56,90,67,-100
2017-04-04,-11,-42,9,35,-14
2017-04-05,-100,15,55,16,-74
2017-04-06,-26,100,47,73,37
2017-04-07,92,-100,-88,32,-100
2017-04-10,-33,-100,100,30,100
2017-04-11,-59,8,-22,51,-100
2017-04-12,100,-25,88,-83,11
2017-04-13,100,100,-28,-100,-100
2017-04-17,-100,-36,-62,52,100
2017-04-18,100,100,-67,31,84
2017-04-19,100,10,24,-100,-1
2017-04-20,-45,-100,-100,-86,100
2017-04-21,-100,-78,-100,21,-62
2017-04-24,-99,0,-100,-94,100
2017-04-25,-56,100,-49,-83,58
2017-04-26,0,-100,100,100,-100
2017-04-27,0,-100,74,100,-45
2017-04-28,0,17,100,100,53
2017-05-01,0,-100,100,-3,-100
2017-05-02,100,-100,-100,12,-46
2017-05-03,-100,87,12,67,80
2017-05-04,0,-100,-100,100,52
2017-05-05,0,100,100,-100,100
2017-05-08,0,45,-45,-100,100
2017-05-09,0,100,1,100,100
2017-05-10,0,5,2,-100,66
2017-05-11,100,-53,-28,27,-27
2017-05-12,90,100,45,100,-100
2017-05-15,-4,-89,-30,-100,-30
2017-05-16,-57,-100,100,-100,-74
2017-05-17,-40,45,22,44,100
2017-05-18,-67,100,-100,51,-17
2017-05-19,44,-11,-15,-100,-6
2017-05-22,-66,-94,13,-6,65
2017-05-23,0,50,-100,29,-31
2017-05-24,10,-43,-46,27,-46
2017-05-25,-3,100,-70,100,7
2017-05-26,100,100,54,36,15
2017-05-30,76,23,100,-98,15
2017-05-31,90,100,-50,-15,-100
2017-06-01,100,-18,-100,83,-14
2017-06-02,-83,70,78,-8,100
2017-06-05,39,56,-100,-12,99
2017-06-06,85,-100,100,0,100
2017-06-07,98,-100,-9,100,87
2017-06-08,100,37,-93,4,-80
2017-06-09,100,-29,-21,-92,-22
2017-06-12,53,35,-25,100,45
2017-06-13,100,96,-33,100,-97
2017-06-14,100,-100,-100,16,-100
2017-06-15,-100,92,-89,41,79
2017-06-16,56,-7,100,17,71
2017-06-19,-48,-15,-54,-11,8
2017-06-20,28,-100,85,71,100
2017-06-21,-100,0,19,-100,81
2017-06-22,-68,-36,-23,80,-100
2017-06-23,0,59,-97,81,100
2017-06-26,27,81,3,100,71
2017-06-27,41,-49,-38,80,86
2017-06-28,-52,0,-43,-24,-100
2017-06-29,100,-90,93,-7,37
2017-06-30,43,-100,-59,42,58
2017-07-03,18,38,100,-100,75
2017-07-05,-100,79,39,36,-93
2017-07-06,-60,-87,-100,-47,49
2017-07-07,31,46,40,-100,47
2017-07-10,58,55,-100,-100,100
2017-07-11,-18,-46,-79,-55,-79
2017-07-12,-100,58,-88,-3,-83
2017-07-13,-6,-100,70,57,100
2017-07-14,-46,21,58,83,-26
2017-07-17,-100,-8,-71,-100,-99
2017-07-18,100,-100,100,-35,-100
2017-07-19,-44,94,-37,55,27
2017-07-20,-31,-75,79,-100,-35
2017-07-21,-100,-65,-20,0,-100
2017-07-24,-100,-100,-92,-100,30
2017-07-25,-19,17,43,36,15
2017-07-26,44,-100,84,78,-91
2017-07-27,100,26,100,-35,-92
2017-07-28,-54,38,100,-23,-92
2017-07-31,-5,71,-90,98,-32
2017-08-01,7,-100,-32,16,100
2017-08-02,-11,100,84,-34,36
2017-08-03,100,100,-64,-75,100
2017-08-04,17,18,100,-59,52
2017-08-07,-79,38,35,74,100
2017-08-08,100,73,88,-100,-12
2017-08-09,-45,100,-14,4,51
2017-08-10,-71,-44,100,-44,41
2017-08-11,100,100,-82,45,-100
2017-08-14,-100,-100,-19,10,-100
2017-08-15,-100,-97,-99,100,-46
2017-08-16,25,100,-100,100,30
2017-08-17,-100,7,27,100,79
2017-08-18,-17,1,-44,-35,100
2017-08-21,-100,-100,-100,-89,-23
2017-08-22,34,-100,-44,59,100
2017-08-23,37,-26,-60,-93,81
2017-08-24,98,-45,35,-21,-21
2017-08-25,2,-100,30,6,-34
2017-08-28,40,98,27,100,-100
2017-08-29,-100,-100,100,-100,-100
2017-08-30,83,80,100,100,-54
2017-08-31,100,79,-100,100,89
2017-09-01,10,88,10,-91,14
2017-09-05,-28,0,80,56,-10
2017-09-06,100,-100,-100,-56,74
2017-09-07,-90,100,68,-40,42
2017-09-08,-55,-75,100,-69,-38
2017-09-11,6,-99,100,25,38
2017-09-12,-100,-100,-84,100,-43
2017-09-13,50,-100,-100,1,-26
2017-09-14,-98,91,-100,30,75
2017-09-15,10,-100,100,40,-100
2017-09-18,34,66,-100,-53,-45
2017-09-19,17,-38,-60,-25,-10
2017-09-20,100,-73,42,53,-9
2017-09-21,-100,-62,-22,35,-58
2017-09-22,-60,0,95,-16,-58
2017-09-25,91,0,30,-100,95
2017-09-26,14,0,26,-35,100
2017-09-27,42,100,100,-100,-43
2017-09-28,-62,52,-12,-10,-22
2017-09-29,-47,54,40,-100,100
2017-10-02,-100,-100,12,31,80
2017-10-03,100,-36,100,100,-2
2017-10-04,100,-70,96,-100,-100
2017-10-05,22,9,50,69,-100
2017-10-06,-4,-9,-94,85,-100
2017-10-09,51,0,-11,33,-30
2017-10-10,0,45,-98,-100,100
2017-10-11,0,-1,-69,-100,-42
2017-10-12,-76,31,24,-26,-100
2017-10-13,70,38,0,-56,17
2017-10-16,-32,-100,-100,71,15
2017-10-17,69,-13,60,100,100
2017-10-18,-28,56,-39,-85,100
2017-10-19,100,39,-100,43,100
2017-10-20,-100,54,-100,-24,-54
2017-10-23,56,100,100,85,100
2017-10-24,-92,58,75,100,-7
2017-10-25,-100,-63,13,100,-30
2017-10-26,-21,100,98,11,-25
2017-10-27,-329,-344,-833,-2485,-1963
2017-10-30,17,0,100,55,0
2017-10-31,55,0,-49,-16,0
2017-11-01,100,100,-51,100,0
2017-11-02,-16,-41,0,-100,0
2017-11-03,60,3,0,41,0
2017-11-06,91,-62,0,26,74
2017-11-07,-48,0,14,-36,100
2017-11-08,60,0,-14,-46,18
2017-11-09,-100,0,0,16,-100
2017-11-10,-22,0,59,71,40
2017-11-13,32,0,-59,56,-100
2017-11-14,100,0,0,-30,97
2017-11-15,-22,100,25,100,-14
2017-11-16,-21,-75,-25,100,100
2017-11-17,-85,-23,0,93,100
2017-11-20,21,-2,2,100,23
2017-11-21,-3,100,31,-100,-90
2017-11-22,-30,-78,-33,19,100
2017-11-24,31,92,100,-100,100
2017-11-27,100,-20,100,-100,18
2017-11-28,100,-93,-100,-100,-15
2017-11-29,-100,-1,-52,-58,-49
2017-11-30,92,39,-48,-48,-42
2017-12-01,100,65,0,100,-36
2017-12-04,-93,-100,0,-100,-14
2017-12-05,-8,30,26,-43,62
2017-12-06,100,55,42,100,-14
2017-12-07,-68,56,-68,-100,-54
2017-12-08,100,-97,0,0,25
2017-12-11,-28,-25,12,100,81
2017-12-12,-100,-23,-12,100,100
2017-12-13,34,0,42,-100,77
2017-12-14,100,0,100,65,-7
2017-12-15,-66,0,28,-65,-57
2017-12-18,-100,0,-85,100,-58
2017-12-19,75,100,29,-67,-100
2017-12-20,58,100,100,-100,-18
2017-12-21,87,-76,-40,33,-22
2017-12-22,-11,100,100,-66,83
2017-12-26,100,-3,50,81,1
2017-12-27,-76,100,0,72,88
2017-12-28,-56,-2,100,76,-45
2017-12-29,-100,6,8,-30,-85
2018-01-02,-100,-100,4,86,-71
2018-01-03,25,1,79,-48,-76
2018-01-04,-44,-16,100,11,100
2018-01-05,-4,-41,-100,91,100
2018-01-08,-100,-100,-86,-60,44
2018-01-09,100,-6,59,-83,100
2018-01-10,-69,-63,4,-100,81
2018-01-11,21,0,-89,-96,100
2018-01-12,-18,0,4,82,100
2018-01-16,24,23,100,37,-59
2018-01-17,4,-23,-61,-16,-100
2018-01-18,-5,0,100,-44,-46
2018-01-19,-1,100,-100,-59,100
2018-01-22,-55,-100,2,0,97
2018-01-23,-15,0,-8,0,56
2018-01-24,49,100,88,0,100
2018-01-25,20,63,-44,0,100
2018-01-26,92,88,15,44,-14
2018-01-29,100,-33,-58,-44,-80
2018-01-30,100,100,26,0,-100
2018-01-31,70,39,-69,0,14
2018-02-01,100,-100,-62,49,-74
2018-02-02,-61,65,-44,-8,-100
2018-02-05,-693,-322,-292,-41,-739
2018-02-06,65,0,59,100,0
2018-02-07,-65,81,39,14,87
2018-02-08,0,-81,-98,-114,-87
2018-02-09,26,34,50,100,0
2018-02-12,-26,-5,21,-93,0
2018-02-13,0,-29,-58,4,100
2018-02-14,100,0,-13,-11,84
2018-02-15,9,0,0,100,31
2018-02-16,79,99,0,57,-100
2018-02-20,100,-54,16,-91,-27
2018-02-21,-27,-45,100,-66,-72
2018-02-22,-42,0,100,11,17
2018-02-23,70,0,-18,100,100
2018-02-26,7,90,-100,100,-35
2018-02-27,100,-26,-23,4,-67
2018-02-28,-74,-64,-75,-100,-31
2018-03-01,82,0,0,100,47
2018-03-02,100,0,0,-3,-7
2018-03-05,-100,0,0,100,100
2018-03-06,100,76,0,9,-48
2018-03-07,84,15,97,100,-27
2018-03-08,-23,-91,-43,40,50
2018-03-09,100,100,-3,62,44
2018-03-12,-54,-96,99,100,-100
2018-03-13,-83,-4,43,72,100
2018-03-14,28,100,-41,100,89
2018-03-15,93,100,-49,34,100
2018-03-16,-50,-100,63,100,-91
2018-03-19,-9,100,-100,100,57
2018-03-20,-80,-8,-14,-37,100
2018-03-21,-19,-39,1,-26,100
2018-03-22,-40,63,78,-43,60
2018-03-23,27,40,-100,86,100
2018-03-26,-12,-19,-31,-39,-77
2018-03-27,11,46,0,92,-90
2018-03-28,-14,1,45,42,37
2018-03-29,96,100,-45,-81,13
2018-04-02,18,100,15,87,-11
2018-04-03,-100,100,79,2,-22
2018-04-04,5,3,-59,100,-65
2018-04-05,5,-21,35,100,0
2018-04-06,93,100,-12,46,-79
2018-04-09,38,-92,49,75,100
2018-04-10,-62,-37,-100,-100,-75
2018-04-11,-27,17,-7,-100,-39
2018-04-12,-100,50,81,100,21
2018-04-13,7,100,95,41,80
2018-04-16,67,100,100,-5,-25
2018-04-17,-100,-53,-35,-100,-100
2018-04-18,-35,-4,-100,100,100
2018-04-19,-368,-747,-141,-1369,-442
2018-04-20,0,0,67,0,0
2018-04-23,16,100,19,0,0
2018-04-24,-16,34,-86,83,100
2018-04-25,0,-99,0,-83,1
2018-04-26,42,-16,100,100,100
2018-04-27,-5,40,-100,39,-100
2018-04-30,100,100,16,84,-100
2018-05-01,-100,49,100,51,100
2018-05-02,-37,100,16,100,-100
2018-05-03,23,-66,-24,-54,-1
2018-05-04,7,88,-100,-88,68
2018-05-07,100,-100,-8,100,100
2018-05-08,28,95,100,-19,75
2018-05-09,-98,100,98,58,20
2018-05-10,-60,-100,-100,37,-24
2018-05-11,53,-97,-38,16,-100
2018-05-14,-53,100,48,-100,-15
2018-05-15,56,-20,-26,81,63
2018-05-16,58,23,54,0,85
2018-05-17,-100,-100,-100,31,40
2018-05-18,7,-100,43,-92,8
2018-05-21,-21,-4,54,-41,-23
2018-05-22,0,29,71,52,-26
2018-05-23,0,-19,-100,-96,-100
2018-05-24,37,36,-96,56,-16
2018-05-25,-37,-100,-8,-100,53
2018-05-29,70,-28,0,-81,87
2018-05-30,100,-45,100,-19,-22
2018-05-31,-67,60,-13,19,-1
2018-06-01,-100,100,-55,-19,100
2018-06-04,5,42,100,49,100
2018-06-05,-8,-69,100,55,-100
2018-06-06,0,-21,100,47,-100
2018-06-07,0,-82,-3,26,-37
2018-06-08,0,100,-62,100,74
2018-06-11,51,44,100,-100,-91
2018-06-12,100,3,-66,27,-26
2018-06-13,4,100,-74,-42,60
2018-06-14,100,19,-55,-30,-100
2018-06-15,-41,50,100,-70,41
2018-06-18,-61,75,100,-48,-81
2018-06-19,100,28,-20,-37,-100
2018-06-20,-70,-100,-73,31,100
2018-06-21,93,-100,-100,46,-100
2018-06-22,-100,30,-37,66,100
2018-06-25,31,-100,83,64,-16
2018-06-26,100,-30,8,69,93
2018-06-27,-100,62,-46,29,49
2018-06-28,-100,31,-41,-100,-61
2018-06-29,-37,63,100,29,100
2018-07-02,-70,-46,8,100,37
2018-07-03,0,100,-24,-100,-49
2018-07-05,100,41,-8,-35,100
2018-07-06,100,7,-1,41,16
2018-07-09,14,38,-100,-56,100
2018-07-10,-34,-100,48,92,-39
2018-07-11,-26,-19,-64,85,100
2018-07-12,-75,100,-14,-100,100
2018-07-13,95,100,100,38,-100
2018-07-16,71,100,100,8,6
2018-07-17,-50,-44,-1,-100,49
2018-07-18,39,-6,-94,-100,-100
2018-07-19,-3,-100,56,-13,-41
2018-07-20,-27,17,-32,1,0
2018-07-23,77,100,48,100,60
2018-07-24,50,21,-51,-89,94
2018-07-25,-66,100,71,-15,70
2018-07-26,-100,-100,0,-64,100
2018-07-27,-100,8,6,76,7
2018-07-30,63,100,3,4,100
2018-07-31,61,-76,-12,-47,22
2018-08-01,65,-100,-100,-1,-7
2018-08-02,-83,-57,-35,100,-97
2018-08-03,-16,-100,99,34,100
2018-08-06,-86,100,100,1,8
2018-08-07,-66,36,8,73,-49
2018-08-08,-3,-100,-32,-100,-31
2018-08-09,100,-85,100,19,-80
2018-08-10,-52,-29,-100,71,100
2018-08-13,-48,-100,0,-7,-100
2018-08-14,46,54,77,-2,40
2018-08-15,16,67,0,93,18
2018-08-16,-62,50,100,3,41
2018-08-17,96,-100,-100,100,100
2018-08-20,4,60,-29,100,100
2018-08-21,-63,31,28,100,40
2018-08-22,87,29,-56,-47,-100
2018-08-23,-50,-58,100,61,100
2018-08-24,-74,-43,-51,100,100
2018-08-27,0,-57,96,29,-100
2018-08-28,10,-85,100,73,-92
2018-08-29,-10,-100,-5,-20,-11
2018-08-30,0,-28,100,29,100
2018-08-31,0,-1,100,73,-9
2018-09-04,0,100,73,100,77
2018-09-05,3,100,100,38,27
2018-09-06,-3,26,-84,-29,-21
2018-09-07,4,-100,18,-100,11
2018-09-10,-4,100,-100,100,-100
2018-09-11,72,56,100,100,-100
2018-09-12,0,-90,-100,-21,99
2018-09-13,-72,-100,54,75,-100
2018-09-14,15,28,-100,-100,-80
2018-09-17,-15,-48,29,29,-78
2018-09-18,100,-88,-29,-100,-13
2018-09-19,-32,-14,-55,62,42
2018-09-20,33,0,100,29,89
2018-09-21,-80,100,-46,-7,-93
2018-09-24,5,-53,-100,0,3
2018-09-25,58,100,-74,-24,-43
2018-09-26,100,35,44,86,16
2018-09-27,88,-1,38,92,42
2018-09-28,-100,100,-75,100,44
2018-10-01,100,29,-73,11,100
2018-10-02,-100,-33,75,92,-83
2018-10-03,-100,-52,-82,-22,100
2018-10-04,-25,-11,10,9,8
2018-10-05,7,28,100,-30,-100
2018-10-08,-54,-57,-15,51,100
2018-10-09,0,100,58,43,-100
2018-10-10,0,-100,12,46,87
2018-10-11,12,100,20,-64,100
2018-10-12,68,12,85,-3,100
2018-10-15,-59,12,-100,-69,100
2018-10-16,9,-37,-42,94,26
2018-10-17,-12,100,-64,-49,-68
2018-10-18,-18,15,71,26,90
2018-10-19,100,100,64,5,-100
2018-10-22,-64,61,8,-100,44
2018-10-23,26,33,-100,-100,100
2018-10-24,-62,85,-55,100,54
2018-10-25,38,-27,30,100,33
2018-10-26,-38,100,100,-80,100
2018-10-29,0,-100,-37,-100,-1
2018-10-30,0,-100,9,100,-100
2018-10-31,100,-37,68,84,-92
2018-11-01,-12,100,-44,65,-11
2018-11-02,-69,-100,-100,-83,70
2018-11-05,38,-29,1,-24,100
2018-11-06,-57,-92,100,-100,-100
2018-11-07,0,100,49,-81,7
2018-11-08,0,-46,17,1,-100
2018-11-09,17,-100,-100,39,100
2018-11-12,27,100,82,34,-15
2018-11-13,100,-31,100,-83,-100
2018-11-14,50,-75,-100,-80,84
2018-11-15,13,-62,74,29,-100
2018-11-16,100,-45,-10,100,97
2018-11-19,82,-100,-52,-93,-66
2018-11-20,51,-25,-100,-66,-4
2018-11-21,-34,-89,-100,-43,23
2018-11-23,42,-8,-20,-37,97
2018-11-26,100,0,84,-31,17
2018-11-27,-100,0,0,-100,54
2018-11-28,21,20,26,100,72
2018-11-29,100,76,13,-5,-100
2018-11-30,82,-71,-88,-82,-69
2018-12-03,83,-25,17,7,-62
2018-12-04,43,90,-91,100,100
2018-12-06,87,30,100,-100,-100
2018-12-07,-43,38,-60,39,-100
2018-12-10,-100,100,42,-100,23
2018-12-11,2,-64,100,100,100
2018-12-12,-72,40,100,54,-100
2018-12-13,24,98,100,-100,-40
2018-12-14,77,-2,100,52,46
2018-12-17,50,100,-17,-100,-100
2018-12-18,-92,100,46,-100,-100
2018-12-19,-100,100,100,-19,-19
2018-12-20,100,1,-22,4,100
2018-12-21,39,70,-84,-27,55
2018-12-24,-22,-8,-56,100,100
2018-12-26,-72,67,-56,100,-96
2018-12-27,7,-100,35,45,100
2018-12-28,89,53,-72,13,100
2018-12-31,-34,100,76,6,65
2019-01-02,36,-100,28,18,-60
2019-01-03,58,-17,-18,-100,100
2019-01-04,-100,-53,-100,78,-82
2019-01-07,-24,100,-74,100,-100
2019-01-08,-100,23,-100,100,-60
2019-01-09,100,-100,82,-95,100
2019-01-10,-14,100,31,93,100
2019-01-11,-72,-87,100,85,32
2019-01-14,-90,-100,95,14,-90
2019-01-15,-100,-100,-19,-95,-82
2019-01-16,-55,100,31,-53,-76
2019-01-17,100,-94,100,-100,-100
2019-01-18,39,100,-42,-100,-100
2019-01-22,100,34,25,100,-100
2019-01-23,100,11,100,100,100
2019-01-24,-41,99,58,-77,-68
2019-01-25,-54,-22,100,76,-44
2019-01-28,-87,100,-71,-12,-32
2019-01-29,100,-100,-56,100,22
2019-01-30,-59,-28,26,100,58
2019-01-31,91,35,100,100,79
2019-02-01,15,-100,-40,35,-100
2019-02-04,79,39,-100,23,100
2019-02-05,26,-36,-100,100,-65
2019-02-06,-35,-22,-100,79,100
2019-02-07,97,-69,75,63,5
2019-02-08,100,62,0,-69,82
2019-02-11,-100,10,-28,4,100
2019-02-12,-100,100,34,51,-64
2019-02-13,-42,-100,5,58,-44
2019-02-14,-100,7,-100,-100,-90
2019-02-15,-17,-100,11,48,96
2019-02-19,-35,-8,-100,-55,100
2019-02-20,100,-55,-92,21,-95
2019-02-21,-13,100,20,-17,-21
2019-02-22,-26,-100,22,100,11
2019-02-25,-77,100,-56,100,-68
2019-02-26,-12,-100,-18,100,100
2019-02-27,-100,-98,45,30,-82
2019-02-28,21,-43,-49,100,100
2019-03-01,-69,-29,11,98,65
2019-03-04,21,-87,-100,44,75
2019-03-05,50,-27,7,-6,55
2019-03-06,-100,-100,-9,-40,0
2019-03-07,-41,6,-95,100,85
2019-03-08,52,-50,100,21,-34
2019-03-11,4,-14,94,63,11
2019-03-12,24,0,-3,-35,1
2019-03-13,100,0,-2,90,-59
2019-03-14,-83,64,-66,72,-100
2019-03-15,-68,100,-50,-98,25
2019-03-18,-100,82,-55,-47,-14
2019-03-19,-4,-7,-100,100,-100
2019-03-20,-54,100,-22,-49,-83
2019-03-21,45,-32,-99,6,-34
2019-03-22,-67,100,-100,-14,100
2019-03-25,18,100,44,-3,-100
2019-03-26,-80,-68,-100,-40,100
2019-03-27,-74,16,-47,-51,-19
2019-03-28,100,62,-100,30,20
2019-03-29,-48,-100,7,-100,100
2019-04-01,-7,100,-27,-100,-100
2019-04-02,-2,71,-2,-80,99
2019-04-03,38,98,-21,-100,100
2019-04-04,-68,-4,0,100,-45
2019-04-05,-13,20,38,100,100
2019-04-08,100,-5,-28,100,55
2019-04-09,100,-26,-7,-33,26
2019-04-10,-41,5,23,48,-43
2019-04-11,-64,-17,-20,29,61
2019-04-12,18,-49,58,-98,12
2019-04-15,37,64,-6,-69,-19
2019-04-16,100,-45,47,17,-96
2019-04-17,-100,-91,-100,14,-29
2019-04-18,-82,-100,95,33,100
2019-04-22,12,100,100,-88,-91
2019-04-23,-80,-54,-100,-14,15
2019-04-24,100,-17,-100,100,18
2019-04-25,-34,-100,0,100,-16
2019-04-26,73,-25,100,-41,73
2019-04-29,17,12,-95,-100,47
2019-04-30,-56,-65,12,88,100
2019-05-01,-100,-100,-17,-14,-100
2019-05-02,8,100,0,-66,84
2019-05-03,-8,-100,1,-100,100
2019-05-06,0,-25,85,100,-100
2019-05-07,0,-58,-25,100,-96
2019-05-08,0,-100,-61,-23,7
2019-05-09,100,57,100,64,100
2019-05-10,-100,23,-67,-42,100
2019-05-13,0,43,-33,100,-83
2019-05-14,100,97,0,80,88
2019-05-15,-29,-100,38,100,-87
2019-05-16,100,100,53,-94,66
2019-05-17,-62,-69,-32,79,-94
2019-05-20,100,18,-59,-100,100
2019-05-21,22,-100,0,-27,-25
2019-05-22,-85,-75,0,-100,-27
2019-05-23,78,0,6,-29,100
2019-05-24,-52,66,-6,-71,100
2019-05-28,-14,-42,13,-100,9
2019-05-29,-100,-24,-13,-58,46
2019-05-30,-41,14,0,13,44
2019-05-31,-17,-14,80,-100,25
2019-06-03,0,13,100,100,36
2019-06-04,100,100,3,33,-19
2019-06-05,-69,-95,53,100,100
2019-06-06,79,24,-100,49,6
2019-06-07,100,54,0,-85,-71
2019-06-10,100,-63,45,100,100
2019-06-11,74,100,-100,-100,78
2019-06-12,40,100,-34,100,-53
2019-06-13,-95,-9,30,-100,100
2019-06-14,-67,-100,-66,-32,24
2019-06-17,100,100,-11,-100,100
2019-06-18,-100,46,0,6,100
2019-06-19,-49,50,0,100,77
2019-06-20,-100,60,0,-81,29
2019-06-21,54,-38,0,4,-20
2019-06-24,-100,-100,4,100,100
2019-06-25,100,52,63,44,-100
2019-06-26,-100,-7,-67,-42,-57
2019-06-27,100,13,100,-4,-43
2019-06-28,100,-3,-16,37,-46
2019-07-01,-82,15,-82,-98,-87
2019-07-02,-26,-27,28,-100,-74
2019-07-03,-100,53,33,-100,100
2019-07-05,-59,32,100,-60,-100
2019-07-08,45,31,-84,51,-63
2019-07-09,34,16,73,100,100
2019-07-10,30,8,-100,-50,-76
2019-07-11,36,100,-10,10,-100
2019-07-12,-21,-58,48,23,-100
2019-07-15,-34,54,39,75,100
2019-07-16,94,-25,-98,100,45
2019-07-17,23,-100,-31,55,-39
2019-07-18,-74,83,0,90,78
2019-07-19,41,51,0,37,93
2019-07-22,92,-100,100,64,-100
2019-07-23,47,-26,-100,100,100
2019-07-24,100,-21,80,100,100
2019-07-25,78,-100,-63,15,-59
2019-07-26,-21,-13,100,100,-55
2019-07-29,48,-100,-56,100,-100
2019-07-30,100,50,81,100,100
2019-07-31,-618,-220,-142,-3045,-2412
2019-08-01,0,100,6,0,47
2019-08-02,0,-100,-1,100,-47
2019-08-05,100,0,2,56,0
2019-08-06,-51,0,100,-90,26
2019-08-07,100,0,100,76,-26
2019-08-08,-100,100,50,100,0
2019-08-09,-49,9,-14,19,0
2019-08-12,0,76,-45,-100,37
2019-08-13,20,44,20,-88,100
2019-08-14,-20,-100,-55,-73,-100
2019-08-15,83,-38,-1,100,61
2019-08-16,-5,-91,60,61,-84
2019-08-19,-27,67,28,100,5
2019-08-20,60,-67,-100,-100,100
2019-08-21,-35,14,-15,100,100
2019-08-22,-76,-14,50,24,-27
2019-08-23,0,20,-100,56,31
2019-08-26,25,100,-53,-100,38
2019-08-27,-2,70,-32,-100,25
2019-08-28,-23,-67,0,100,39
2019-08-29,0,-89,0,13,-87
2019-08-30,0,57,81,15,-25
2019-09-03,0,100,-38,0,-100
2019-09-04,0,-16,-43,100,100
2019-09-05,0,-4,64,26,52
2019-09-06,40,-11,-64,-11,43
2019-09-09,1,100,60,-100,-24
2019-09-10,-41,-56,70,-77,100
2019-09-11,56,-47,-64,-100,89
2019-09-12,-2,52,40,100,-58
2019-09-13,-54,-100,-87,63,-100
2019-09-16,31,100,49,-100,100
2019-09-17,77,-52,71,17,35
2019-09-18,31,-43,-43,-18,40
2019-09-19,88,-100,-96,-96,71
2019-09-20,81,100,0,-7,-100
2019-09-23,14,-38,0,-66,100
2019-09-24,74,100,43,100,-26
2019-09-25,-65,-100,54,72,90
2019-09-26,-71,-76,100,14,67
2019-09-27,23,41,100,-68,80
2019-09-30,-59,-14,-10,43,30
2019-10-01,-93,100,55,-100,100
2019-10-02,18,33,100,-61,64
2019-10-03,-72,-19,-3,100,-100
2019-10-04,-77,100,-100,-5,-20
2019-10-07,0,-100,49,69,-100
2019-10-08,0,-52,-45,41,-77
2019-10-09,16,-89,55,100,67
2019-10-10,23,100,90,19,29
2019-10-11,-22,15,-18,-100,100
2019-10-14,53,-100,45,-100,40
2019-10-15,-70,-15,-84,100,100
2019-10-16,80,0,-48,-87,-22
2019-10-17,100,34,100,100,-66
2019-10-18,41,-4,-13,100,33
2019-10-21,100,100,-15,-100,-91
2019-10-22,40,-7,26,-100,-47
2019-10-23,19,95,-31,-58,-26
2019-10-24,-72,100,-49,100,-100
2019-10-25,-77,-100,-59,-33,-73
2019-10-28,100,-21,-51,-100,14
2019-10-29,-100,75,-70,-46,87
2019-10-30,-100,-53,35,5,-56
2019-10-31,83,-91,98,-5,-21
2019-11-01,-12,-32,-91,0,-100
2019-11-04,-1,69,-26,51,73
2019-11-05,18,100,65,-47,92
2019-11-06,-100,100,100,-4,-15
2019-11-07,-41,-100,-60,0,100
2019-11-08,48,-66,-12,0,57
2019-11-11,-26,12,-45,70,100
2019-11-12,-57,55,-67,100,-100
2019-11-13,34,4,-35,-50,-11
2019-11-14,-45,100,-100,100,2
2019-11-15,100,100,19,-100,75
2019-11-18,-100,7,78,36,100
2019-11-19,-32,-56,-30,-100,-24
2019-11-20,100,-100,-100,-56,-39
2019-11-21,-100,-89,19,33,-51
2019-11-22,0,72,100,100,-42
2019-11-25,0,-100,79,-9,21
2019-11-26,72,-100,-17,-31,100
2019-11-27,100,100,-49,-8,-30
2019-11-29,100,-10,-92,46,-74
2019-12-02,31,-61,-4,-66,85
2019-12-03,98,100,35,100,100
2019-12-04,13,48,-100,80,-76
2019-12-05,100,28,8,-23,28
2019-12-06,-49,83,-29,2,100
2019-12-09,35,100,100,-100,75
2019-12-10,24,6,-100,-100,100
2019-12-11,-40,-100,12,-24,-23
2019-12-12,-3,-17,-12,0,100
2019-12-13,12,-21,49,85,-52
2019-12-16,-100,-20,100,-48,39
2019-12-17,59,-87,42,-37,43
2019-12-18,-93,-100,-12,65,-33
2019-12-19,81,-30,-98,96,-64
2019-12-20,-100,-22,-7,50,85
2019-12-23,100,100,-74,12,-58
2019-12-24,-27,-94,25,-41,55
2019-12-26,0,16,100,50,2
2019-12-27,-1,100,100,22,-100
2019-12-30,86,33,16,-97,-80
2019-12-31,100,-48,-51,0,-100
2020-01-02,5,100,-100,43,100
2020-01-03,-66,-100,46,15,6
2020-01-06,-100,-63,-100,44,54
2020-01-07,-22,-27,-36,89,83
2020-01-08,-100,64,59,-70,69
2020-01-09,-37,100,-46,-56,-87
2020-01-10,-100,87,-13,88,22
2020-01-13,59,-20,0,99,5
2020-01-14,-74,60,0,55,-100
2020-01-15,-75,-72,0,100,24
2020-01-16,43,-100,100,-64,39
2020-01-17,-100,64,100,-63,67
2020-01-21,18,-39,80,100,-58
2020-01-22,-26,100,-100,-100,53
2020-01-23,-23,-21,-100,19,3
2020-01-24,0,-341,-80,-456,-1377
2020-01-27,0,97,43,100,33
2020-01-28,0,64,-26,100,11
2020-01-29,15,-100,-17,100,-44
2020-01-30,100,85,53,-100,0
2020-01-31,96,13,100,90,2
2020-02-03,-100,54,93,100,100
2020-02-04,-11,100,91,69,100
2020-02-05,-31,-71,0,-14,-32
2020-02-06,100,-33,96,76,-7
2020-02-07,-100,-67,58,-16,-40
2020-02-10,-69,-96,100,-41,36
2020-02-11,0,-15,54,100,96
2020-02-12,0,-31,42,96,79
2020-02-13,0,58,-100,-90,-100
2020-02-14,15,100,4,83,67
2020-02-18,100,52,100,44,14
2020-02-19,-100,-100,-100,-30,-100
2020-02-20,-15,46,50,-64,-100
2020-02-21,0,18,69,-68,44
2020-02-24,0,51,1,-57,37
2020-02-25,0,100,100,-100,-42
2020-02-26,0,-100,-91,100,-100
2020-02-27,75,-100,100,100,100
2020-02-28,100,-65,100,39,-100
2020-03-02,48,44,-100,31,73
2020-03-03,-62,100,50,-36,100
2020-03-04,100,19,-48,70,100
2020-03-05,-66,100,40,47,40
2020-03-06,-33,-57,100,69,-25
2020-03-09,-162,-266,-962,-798,-342
2020-03-10,12,100,72,49,0
2020-03-11,5,-100,65,-49,100
2020-03-12,-17,0,-137,0,-100
2020-03-13,0,0,0,0,0
2020-03-16,0,0,0,0,0
2020-03-17,0,0,0,0,0
2020-03-18,0,0,0,0,0
2020-03-19,9,0,0,20,60
2020-03-20,61,0,0,100,100
2020-03-23,100,0,0,35,37
2020-03-24,-170,0,0,-155,-197
2020-03-25,100,0,25,0,100
2020-03-26,83,78,61,0,-100
2020-03-27,-100,100,-22,100,67
2020-03-30,-83,-94,40,100,100
2020-03-31,0,70,59,56,100
2020-04-01,0,-13,59,100,100
2020-04-02,0,100,23,80,-35
2020-04-03,0,-55,-40,100,-16
2020-04-06,62,96,-34,66,-100
2020-04-07,-62,-2,-8,100,-80
2020-04-08,63,-27,-82,100,-26
2020-04-09,100,0,-62,-85,7
2020-04-13,100,39,100,100,54
2020-04-14,42,52,84,-100,90
2020-04-15,100,-6,77,-4,-74
2020-04-16,-100,100,-100,12,100
2020-04-17,-39,-100,-22,7,100
2020-04-20,-100,-100,-1,-100,-13
2020-04-21,12,-100,6,-96,64
2020-04-22,-6,100,-100,100,53
2020-04-23,-100,-50,-20,-100,100
2020-04-24,-72,100,-43,-72,-32
2020-04-27,3,100,98,100,18
2020-04-28,39,72,-98,100,-28
2020-04-29,-42,-100,0,99,-7
2020-04-30,17,-58,100,-73,4
2020-05-01,100,-78,100,90,-100
2020-05-04,65,-60,77,-100,-63
2020-05-05,-100,-35,-100,100,86
2020-05-06,-65,-89,-64,100,39
2020-05-07,76,-40,-46,-100,85
2020-05-08,94,89,19,100,100
2020-05-11,-100,-59,-86,-8,45
2020-05-12,100,39,85,49,46
2020-05-13,-100,100,-85,-30,-2
2020-05-14,-87,-9,28,-100,-100
2020-05-15,100,-100,17,23,96
2020-05-18,61,-60,47,-100,-100
2020-05-19,87,0,-92,87,-20
2020-05-20,-8,100,0,-100,100
2020-05-21,100,53,38,-24,-100
2020-05-22,-100,-88,-24,-100,94
2020-05-26,100,-65,-14,100,90
2020-05-27,-71,0,0,-20,-100
2020-05-28,-58,78,13,100,-63
2020-05-29,56,35,63,-75,81
2020-06-01,-100,9,-69,-100,63
2020-06-02,11,85,15,-90,100
2020-06-03,-86,-100,32,-3,32
2020-06-04,100,-61,-49,-46,82
2020-06-05,81,-41,92,100,-69
2020-06-08,100,20,100,-2,100
2020-06-09,8,-25,-36,82,-54
2020-06-10,-83,0,-100,100,-100
2020-06-11,-63,0,21,-100,-40
2020-06-12,-32,0,-66,-100,-64
2020-06-15,-77,0,100,-32,0
2020-06-16,7,0,-99,-12,-81
2020-06-17,-88,0,100,94,91
2020-06-18,100,0,100,4,4
2020-06-19,100,0,100,-100,22
2020-06-22,80,0,-16,100,15
2020-06-23,4,64,-73,100,67
2020-06-24,-100,100,8,-87,-100
2020-06-25,5,-99,-50,100,-100
2020-06-26,-100,-19,35,-100,100
2020-06-29,100,100,100,-100,-45
2020-06-30,26,81,50,90,-100
2020-07-01,45,-100,64,100,48
2020-07-02,68,-25,99,-100,-57
2020-07-06,92,100,42,100,5
2020-07-07,36,-73,-62,100,80
2020-07-08,-100,8,-36,24,-100
2020-07-09,23,12,16,100,98
2020-07-10,100,-78,-100,6,-40
2020-07-13,-73,-59,-81,-32,88
2020-07-14,-73,-12,32,1,-46
2020-07-15,100,90,75,-62,-15
2020-07-16,-8,-90,-93,-51,100
2020-07-17,84,53,100,-100,100
2020-07-20,-84,-53,100,15,33
2020-07-21,-52,26,-46,-25,-2
2020-07-22,64,93,81,-26,-26
2020-07-23,-25,-84,-75,56,79
2020-07-24,100,100,38,32,30
2020-07-27,0,100,32,-83,-56
2020-07-28,-75,100,35,-46,100
2020-07-29,-100,77,-100,93,63
2020-07-30,37,100,-47,100,-59
2020-07-31,-419,-512,-445,-782,-1106
2020-08-03,0,0,30,0,100
2020-08-04,0,0,-23,10,14
2020-08-05,0,80,100,100,100
2020-08-06,100,-15,29,-100,94
2020-08-07,10,-65,66,100,-89
2020-08-10,100,73,46,-100,9
2020-08-11,45,100,100,100,100
2020-08-12,-20,100,-7,-100,-100
2020-08-13,-73,2,-80,-10,46
2020-08-14,-100,100,100,0,53
2020-08-17,62,-42,13,100,-14
2020-08-18,-15,-23,-65,-7,-39
2020-08-19,-56,26,-63,-93,46
2020-08-20,5,-6,35,0,0
2020-08-21,-53,-94,88,0,100
2020-08-24,100,-5,60,100,-30
2020-08-25,100,-100,-69,100,12
2020-08-26,16,50,100,-100,-16
2020-08-27,-70,85,-17,100,-100
2020-08-28,-100,-100,74,100,-95
2020-08-31,21,-100,63,-100,100
2020-09-01,-72,100,100,100,-64
2020-09-02,0,-100,83,-61,38
2020-09-03,100,79,-78,-100,79
2020-09-04,83,-100,-60,-81,-62
2020-09-08,-16,-45,-66,-52,100
2020-09-09,-34,0,82,13,100
2020-09-10,-43,0,80,-19,-38
2020-09-11,-16,0,0,81,100
2020-09-14,29,0,100,-78,100
2020-09-15,49,0,-10,-3,-100
2020-09-16,32,2,4,0,-96
2020-09-17,73,-2,-57,0,100
2020-09-18,-8,100,0,100,46
2020-09-21,-100,-100,68,52,85
2020-09-22,100,57,91,56,54
2020-09-23,-41,-32,11,-14,30
2020-09-24,100,70,-100,-100,15
2020-09-25,3,-23,76,72,100
2020-09-28,-75,95,-100,-58,-89
2020-09-29,3,-28,-80,88,33
2020-09-30,48,45,-23,-100,-44
2020-10-01,-60,37,-100,-96,12
2020-10-02,100,-6,-20,0,100
2020-10-05,99,100,4,0,-46
2020-10-06,100,-79,100,0,66
2020-10-07,-94,100,52,0,13
2020-10-08,64,97,-100,100,-45
2020-10-09,97,46,-100,-2,-97
2020-10-12,-35,-24,10,-98,-80
2020-10-13,-98,84,-32,33,24
2020-10-14,15,-13,100,39,60
2020-10-15,25,84,-11,-72,-100
2020-10-16,-50,-100,49,67,-100
2020-10-19,57,-100,82,-53,-25
2020-10-20,59,0,-21,97,-23
2020-10-21,27,-100,-100,-3,-72
2020-10-22,11,44,100,-100,67
2020-10-23,90,-76,-15,91,-56
2020-10-26,3,94,-100,-35,30
2020-10-27,-100,-100,100,-26,-100
2020-10-28,-100,-54,-32,-38,100
2020-10-29,-100,-4,-67,0,100
2020-10-30,-100,100,-100,73,54
2020-11-02,-24,-100,-54,-38,100
2020-11-03,36,-100,-100,-13,-100
2020-11-04,-100,-4,100,-22,-74
2020-11-05,-27,-19,54,0,46
2020-11-06,-100,97,56,0,-40
2020-11-09,-82,-188,-556,0,-592
2020-11-10,0,0,100,0,38
2020-11-11,0,17,-100,0,100
2020-11-12,0,-8,34,100,29
2020-11-13,2,-9,-13,84,-6
2020-11-16,38,0,-21,-100,24
2020-11-17,21,0,0,100,100
2020-11-18,32,56,83,-36,-13
2020-11-19,100,45,100,-100,46
2020-11-20,22,100,50,100,6
2020-11-23,23,16,75,-13,34
2020-11-24,-100,-6,-72,23,-25
2020-11-25,100,-77,-20,87,-27
2020-11-27,42,100,68,-17,46
2020-11-30,34,56,-100,-80,0
2020-12-01,6,100,-51,68,57
2020-12-02,30,20,90,14,-100
2020-12-03,28,100,10,23,100
2020-12-04,45,-15,100,19,59
2020-12-07,100,15,100,1,33
2020-12-08,27,-3,100,-71,100
2020-12-09,-100,-67,69,-91,90
2020-12-10,-81,100,100,16,-35
2020-12-11,31,100,-100,9,87
2020-12-14,-72,18,-22,-51,100
2020-12-15,27,66,100,-10,-48
2020-12-16,-21,-80,13,-9,-23
2020-12-17,36,100,4,-66,-40
2020-12-18,-64,-66,32,0,39
2020-12-21,-12,12,100,44,100
2020-12-22,68,-64,8,100,-42
2020-12-23,-80,-64,43,55,-100
2020-12-24,-28,-8,47,4,87
2020-12-28,-100,-100,-100,55,50
2020-12-29,-7,-100,-100,-79,-3
2020-12-30,-34,-25,34,76,-33
2020-12-31,87,69,79,-61,-9
2021-01-04,100,-100,100,100,-100
2021-01-05,-41,34,69,100,-100
2021-01-06,-100,11,-15,-12,100
2021-01-07,-11,100,18,-100,100
2021-01-08,-4,34,-40,-90,-100
2021-01-11,-100,100,-99,-100,-52
2021-01-12,-44,1,-100,100,100
2021-01-13,0,-18,84,97,-40
2021-01-14,0,-8,100,0,-100
2021-01-15,95,-79,-29,-100,-100
2021-01-19,-8,-6,53,-34,57
2021-01-20,-54,-74,87,42,98
2021-01-21,-2,-23,-100,-100,-100
2021-01-22,25,99,-100,-97,23
2021-01-25,-56,100,-100,40,-39
2021-01-26,0,-100,-1,28,-89
2021-01-27,100,-100,47,100,19
2021-01-28,85,-100,-96,58,85
2021-01-29,59,73,35,-87,-84
2021-02-01,-54,100,64,37,-10
2021-02-02,-41,-100,-100,23,-62
2021-02-03,22,100,100,72,-98
2021-02-04,-33,44,55,27,100
2021-02-05,90,10,0,100,13
2021-02-08,-100,24,20,55,100
2021-02-09,62,-83,25,54,-100
2021-02-10,41,-100,100,100,100
2021-02-11,63,-64,-9,88,49
2021-02-12,100,-39,-35,100,100
2021-02-16,100,-10,78,100,100
2021-02-17,-100,100,-39,11,59
2021-02-18,100,-100,-45,7,-66
2021-02-19,-5,-100,23,-100,46
2021-02-22,-95,-100,-100,-50,-100
2021-02-23,21,26,44,-15,100
2021-02-24,100,75,19,100,-100
2021-02-25,-25,-100,18,86,-100
2021-02-26,92,100,-100,39,67
2021-03-01,-91,68,-100,82,-72
2021-03-02,-100,100,-21,-100,-5
2021-03-03,92,11,-7,32,-100
2021-03-04,-7,100,-100,7,-100
2021-03-05,87,-40,-11,-100,-1
2021-03-08,-30,-100,-74,-14,100
2021-03-09,-47,51,1,-71,14
2021-03-10,77,100,-16,100,94
2021-03-11,-17,-53,-100,18,46
2021-03-12,-100,3,-25,-100,100
2021-03-15,-100,0,100,100,-39
2021-03-16,100,15,-68,51,-100
2021-03-17,-100,-100,-17,-76,-79
2021-03-18,-38,-100,-92,-48,57
2021-03-19,88,-100,-100,60,41
2021-03-22,-46,-54,100,100,100
2021-03-23,24,-26,-30,75,-93
2021-03-24,-100,7,66,6,65
2021-03-25,-94,43,-26,-90,-98
2021-03-26,-49,-42,-25,-45,100
2021-03-29,74,-8,15,-44,-100
2021-03-30,52,13,5,-55,85
2021-03-31,-47,-13,61,-60,-33
2021-04-01,0,0,61,-45,80
2021-04-05,-100,51,100,-18,-94
2021-04-06,100,96,-20,55,100
2021-04-07,31,-33,-61,23,34
2021-04-08,-10,-100,100,96,77
2021-04-09,-100,9,90,100,100
2021-04-12,-19,0,100,-100,3
2021-04-13,-39,-3,100,75,71
2021-04-14,54,-20,-78,100,70
2021-04-15,100,100,100,83,40
2021-04-16,18,35,39,-25,100
2021-04-19,-100,100,5,-6,66
2021-04-20,-45,0,-100,39,100
2021-04-21,-100,26,-100,100,-100
2021-04-22,29,-3,31,62,-91
2021-04-23,77,-81,50,34,-100
2021-04-26,-100,-22,-58,-13,-3
2021-04-27,8,-99,36,-15,-71
2021-04-28,22,15,-100,100,28
2021-04-29,-36,-41,-23,57,-63
2021-04-30,0,100,89,-100,1
2021-05-03,0,33,-100,67,-68
2021-05-04,0,-34,-100,100,6
2021-05-05,100,100,64,-38,100
2021-05-06,-100,-100,-93,45,-100
2021-05-07,0,-4,93,-100,-48
2021-05-10,94,74,10,49,-51
2021-05-11,16,-73,-76,-100,-45
2021-05-12,-6,100,-100,100,-4
2021-05-13,10,-70,-12,-34,20
2021-05-14,-19,47,36,77,100
2021-05-17,-20,-15,29,-100,100
2021-05-18,-13,43,93,96,-76
2021-05-19,-41,-100,-10,-100,-73
2021-05-20,-17,-100,90,-52,-100
2021-05-21,-4,90,-100,-100,100
2021-05-24,0,60,23,10,63
2021-05-25,43,-11,42,20,100
2021-05-26,-43,38,1,-100,-100
2021-05-27,0,-11,-100,-100,34
2021-05-28,0,66,-100,100,13
2021-06-01,12,-100,65,-49,-100
2021-06-02,-12,100,-56,-35,85
2021-06-03,17,-100,-39,15,-20
2021-06-04,70,-100,-49,40,100
2021-06-07,24,100,-28,-70,-23
2021-06-08,4,3,-13,-100,-27
2021-06-09,0,-69,-100,-22,82
2021-06-10,14,38,-100,100,45
2021-06-11,-100,-100,100,-56,13
2021-06-14,-8,-35,-4,-12,-100
2021-06-15,-21,39,100,100,-66
2021-06-16,24,-39,100,-1,-100
2021-06-17,-24,0,-6,-79,35
2021-06-18,68,0,-95,-90,-95
2021-06-21,9,0,-27,-6,85
2021-06-22,100,0,-67,-38,-24
2021-06-23,-100,64,-63,-75,100
2021-06-24,8,-64,-45,-51,56
2021-06-25,-85,78,100,25,91
2021-06-28,0,-78,-100,54,82
2021-06-29,0,0,100,100,-28
2021-06-30,0,0,-100,93,3
2021-07-01,100,100,-100,-15,100
2021-07-02,100,-45,11,-69,54
2021-07-06,100,100,-39,20,81
2021-07-07,100,100,-3,12,100
2021-07-08,-100,-43,0,-88,21
2021-07-09,-60,69,77,-100,53
2021-07-12,88,23,-77,100,13
2021-07-13,62,-100,0,68,65
2021-07-14,50,37,0,-100,-2
2021-07-15,-9,100,0,-35,57
2021-07-16,-79,-100,0,100,-26
2021-07-19,-100,-41,0,69,60
2021-07-20,24,100,0,100,-33
2021-07-21,69,5,44,-36,-40
2021-07-22,-42,70,-37,-89,-100
2021-07-23,-100,-67,-7,14,100
2021-07-26,-46,100,100,-49,-44
2021-07-27,-100,16,-100,-100,21
2021-07-28,8,-97,100,-100,100
2021-07-29,-65,7,-100,-40,-100
2021-07-30,0,100,36,-67,73
2021-08-02,100,-100,11,20,75
2021-08-03,-21,-3,92,8,-18
2021-08-04,-79,-100,-100,-71,100
2021-08-05,0,2,78,29,86
2021-08-06,79,-100,100,-21,2
2021-08-09,-50,-100,-60,23,100
2021-08-10,-29,97,-44,-3,0
2021-08-11,0,100,64,100,-100
2021-08-12,0,100,-27,-74,-14
2021-08-13,28,-21,91,17,-76
2021-08-16,100,100,-81,61,60
2021-08-17,-99,84,-48,80,-79
2021-08-18,55,-12,100,-74,-93
2021-08-19,-12,100,5,-100,71
2021-08-20,-58,100,-100,5,77
2021-08-23,-14,-100,70,100,80
2021-08-24,0,3,-31,90,100
2021-08-25,0,-36,-14,-33,-93
2021-08-26,97,-34,-92,-29,84
2021-08-27,-97,50,73,-96,-96
2021-08-30,27,76,-39,-100,100
2021-08-31,-27,-32,-84,100,-100
2021-09-01,80,100,0,100,21
2021-09-02,8,-35,100,100,9
2021-09-03,61,-100,37,-36,60
2021-09-07,-100,100,-100,100,-100
2021-09-08,-49,-71,60,-63,-100
2021-09-09,0,75,16,-97,-5
2021-09-10,0,100,-62,100,-2
2021-09-13,0,100,-19,100,0
2021-09-14,62,84,100,-64,39
2021-09-15,100,100,83,62,-98
2021-09-16,67,100,-50,100,100
2021-09-17,100,-2,100,100,-45
2021-09-20,100,-54,100,-81,100
2021-09-21,100,80,55,100,100
2021-09-22,-38,19,-100,20,11
2021-09-23,33,100,-7,100,-42
2021-09-24,44,94,15,-53,-17
2021-09-27,-57,100,68,-39,-39
2021-09-28,100,-1,-41,-65,100
2021-09-29,-6,-53,60,-17,100
2021-09-30,-15,84,60,100,-100
2021-10-01,-65,68,10,-100,-100
2021-10-04,49,6,100,-65,-100
2021-10-05,-30,-46,100,-100,2
2021-10-06,-100,76,-100,60,19
2021-10-07,7,100,-48,100,100
2021-10-08,96,-71,-65,50,100
2021-10-11,100,-100,-16,-73,-25
2021-10-12,11,100,70,-10,-100
2021-10-13,-57,40,71,18,25
2021-10-14,83,-100,-16,100,-100
2021-10-15,-100,-100,100,64,-1
2021-10-18,24,80,-33,44,-40
2021-10-19,61,100,35,84,100
2021-10-20,76,23,100,100,-15
2021-10-21,100,-85,-30,100,100
2021-10-22,-70,0,8,100,-9
2021-10-25,1,-100,-43,-100,-12
2021-10-26,85,100,-82,-100,84
2021-10-27,12,100,-92,41,25
2021-10-28,0,0,7,-7,0
2021-10-29,-66,100,28,30,-75
2021-11-01,-100,-33,-97,-100,63
2021-11-02,-80,-28,100,-34,100
2021-11-03,-1,3,100,100,-66
2021-11-04,0,-100,0,1,60
2021-11-05,85,-50,100,60,-100
2021-11-08,-100,-44,-100,-100,-17
2021-11-09,33,64,-3,14,28
2021-11-10,51,100,81,-76,-40
2021-11-11,-39,-4,-53,-14,100
2021-11-12,33,88,-94,-42,-100
2021-11-15,100,-16,-93,79,36
2021-11-16,0,0,0,0,62
2021-11-17,-61,81,0,3,-20
2021-11-18,100,-30,-61,63,-100
2021-11-19,-50,-86,-57,12,18
2021-11-22,46,-32,-52,-82,25
2021-11-23,100,26,36,100,43
2021-11-24,0,-49,86,0,0
2021-11-26,65,-100,-100,-100,100
2021-11-29,-65,-30,-13,-51,-28
2021-11-30,-37,100,-100,-37,50
2021-12-01,-1,88,-1,98,7
2021-12-02,0,0,-48,-54,48
2021-12-03,-87,94,100,-41,-41
2021-12-06,-100,-100,-14,-100,36
2021-12-07,-49,100,-51,35,100
2021-12-08,100,-100,-96,1,55
2021-12-09,0,-25,0,33,0
2021-12-10,0,-48,0,63,0
2021-12-13,92,100,-55,0,-81
2021-12-14,100,-88,56,-24,-100
2021-12-15,-59,0,30,0,100
2021-12-16,-53,30,100,-87,0
2021-12-17,-77,-100,-100,-82,100
2021-12-20,-48,100,11,-100,-100
2021-12-21,-32,100,-86,92,22
2021-12-22,-100,74,100,-52,100
2021-12-23,15,-100,29,-69,-57
2021-12-27,13,-21,22,76,-70
2021-12-28,-86,19,-42,-100,-100
2021-12-29,-67,100,-47,15,27
2021-12-30,30,-36,68,-6,-69
2021-12-31,91,0,100,64,74
2022-01-03,-100,66,-27,-72,33
2022-01-04,60,11,86,-100,100
2022-01-05,100,-100,-100,13,100
2022-01-06,-15,-56,100,100,-64
2022-01-07,-43,20,-100,100,12
2022-01-10,100,-100,-100,99,-73
2022-01-11,100,10,-100,-100,42
2022-01-12,-70,-11,70,-86,-100
2022-01-13,70,22,0,37,-100
2022-01-14,100,-70,-90,-100,100
2022-01-18,-86,59,-40,100,-72
2022-01-19,100,100,23,100,14
2022-01-20,-89,-100,-57,100,-46
2022-01-21,-89,42,9,-87,-100
2022-01-24,-71,74,-9,-56,100
2022-01-25,-636,-1833,0,-1222,-2292
2022-01-26,100,0,0,59,0
2022-01-27,-100,45,0,32,23
2022-01-28,83,4,0,-91,-23
2022-01-31,65,-25,0,100,1
2022-02-01,-38,-24,100,-100,-1
2022-02-02,-87,0,11,72,0
2022-02-03,-23,0,10,100,100
2022-02-04,100,15,-100,54,29
2022-02-07,-22,100,100,100,100
2022-02-08,-36,-100,-100,-17,66
2022-02-09,26,70,18,10,-100
2022-02-10,100,71,-39,-17,47
2022-02-11,-100,80,0,5,-68
2022-02-14,-68,-100,59,100,100
2022-02-15,0,99,-59,70,86
2022-02-16,0,100,0,-85,-100
2022-02-17,85,-12,0,-36,-79
2022-02-18,72,-67,0,-84,29
2022-02-22,69,52,0,26,100
2022-02-23,100,-100,26,75,-79
2022-02-24,96,69,87,100,-39
2022-02-25,18,-86,49,-30,73
2022-02-28,-89,-53,100,-33,-51
2022-03-01,-9,-100,-100,-46,-58
2022-03-02,100,14,100,-100,85
2022-03-03,-100,47,53,20,-100
2022-03-04,85,-72,-100,75,-50
2022-03-07,-87,43,100,-48,-40
2022-03-08,-62,-58,-1,-100,63
2022-03-09,54,-12,100,-39,100
2022-03-10,-100,0,-1,32,-94
2022-03-11,-41,45,28,100,-44
2022-03-14,-29,92,-68,100,-30
2022-03-15,-28,8,100,-100,-46
2022-03-16,-40,70,-79,100,33
2022-03-17,3,-100,-100,35,-33
2022-03-18,-56,-47,100,-1,100
2022-03-21,67,11,95,-48,100
2022-03-22,-35,-34,100,63,26
2022-03-23,32,-45,-100,64,46
2022-03-24,-37,100,91,-9,-67
2022-03-25,28,-66,-44,88,4
2022-03-28,0,-34,100,3,55
2022-03-29,32,0,97,-10,-44
2022-03-30,-36,0,-40,39,-14
2022-03-31,-71,0,24,-100,-37
2022-04-01,32,0,-65,48,-100
2022-04-04,-7,0,-100,24,100
2022-04-05,-46,0,-50,-100,-70
2022-04-06,0,100,-100,6,51
2022-04-07,60,-100,-54,-7,-100
2022-04-08,-56,77,4,100,-50
2022-04-11,100,68,25,81,31
2022-04-12,100,25,-100,100,-31
2022-04-13,-2,-2,-100,-66,34
2022-04-14,73,-100,41,78,-34
2022-04-18,-48,-44,8,100,74
2022-04-19,56,47,100,-65,100
2022-04-20,-79,-12,-14,100,73
2022-04-21,-100,28,-95,100,-13
2022-04-22,86,100,8,40,100
2022-04-25,-100,-27,100,-100,50
2022-04-26,5,84,1,100,23
2022-04-27,-95,-87,-42,-100,-18
2022-04-28,61,78,-28,83,-100
2022-04-29,-52,-100,-56,100,-77
2022-05-02,-9,-100,20,1,12
2022-05-03,0,20,-94,68,-3
2022-05-04,100,70,-71,89,70
2022-05-05,-100,-100,-42,44,-18
2022-05-06,16,-25,-13,-100,33
2022-05-09,16,9,0,25,5
2022-05-10,-32,26,83,54,43
2022-05-11,52,75,-35,-74,-18
2022-05-12,-52,22,-48,68,69
2022-05-13,58,20,0,-82,-59
2022-05-16,-35,-81,27,-21,67
2022-05-17,54,-71,-10,-72,44
2022-05-18,93,86,-2,-22,100
2022-05-19,44,-22,34,100,-26
2022-05-20,-100,-54,-49,-100,-59
2022-05-23,60,27,3,-25,-31
2022-05-24,-63,-37,82,-78,49
2022-05-25,-62,100,-39,100,-38
2022-05-26,20,-100,-46,-100,100
2022-05-27,-18,0,0,-77,100
2022-05-31,100,0,100,100,-100
2022-06-01,-29,0,-100,-61,-74
2022-06-02,-56,83,0,34,-100
2022-06-03,-7,-25,0,32,-40
2022-06-06,-59,-58,0,-100,-100
2022-06-07,0,45,22,-89,-93
2022-06-08,19,100,76,65,-100
2022-06-09,-19,19,100,100,-45
2022-06-10,0,48,-36,100,44
2022-06-13,0,100,-2,52,11
2022-06-14,100,-30,-40,-100,-47
2022-06-15,-40,-43,-100,-100,-8
2022-06-16,-60,100,-20,2,78
2022-06-17,0,100,0,-100,-75
2022-06-21,84,-100,0,93,-3
2022-06-22,13,-76,0,3,0
2022-06-23,12,-5,77,-100,100
2022-06-24,57,-100,-77,4,-60
2022-06-27,11,100,0,100,-40
2022-06-28,6,100,100,54,5
2022-06-29,-35,-13,100,100,100
2022-06-30,54,100,-63,100,-100
2022-07-01,2,-13,100,-9,-5
2022-07-05,19,69,-100,69,79
2022-07-06,-100,-47,52,46,-20
2022-07-07,-12,27,-100,-6,21
2022-07-08,9,100,-8,-100,3
2022-07-11,-61,-100,-4,33,100
2022-07-12,-59,33,-58,100,29
2022-07-13,0,-100,37,-59,67
2022-07-14,0,100,-56,89,14
2022-07-15,0,84,12,-100,47
2022-07-18,0,-100,100,100,49
2022-07-19,0,-100,-69,-100,49
2022-07-20,4,84,55,-29,21
2022-07-21,-4,-100,-22,51,4
2022-07-22,100,100,100,65,46
2022-07-25,-12,-100,-65,-37,82
2022-07-26,-88,-100,16,100,100
2022-07-27,0,-100,-21,100,-100
2022-07-28,100,-52,-10,100,56
2022-07-29,-72,-73,16,100,100
2022-08-01,-28,29,36,-100,100
2022-08-02,100,-86,80,-26,81
2022-08-03,-100,0,-100,-10,-11
2022-08-04,17,0,-63,31,20
2022-08-05,98,0,74,1,-74
2022-08-08,-30,100,100,-60,29
2022-08-09,57,62,100,-76,74
2022-08-10,35,-80,-97,65,-46
2022-08-11,-100,8,-28,89,53
2022-08-12,68,-56,-30,30,100
2022-08-15,-49,-34,-89,100,-100
2022-08-16,18,100,100,-100,100
2022-08-17,-17,100,56,74,-69
2022-08-18,-62,-49,46,-100,-44
2022-08-19,100,100,46,16,1
2022-08-22,-21,48,49,-78,100
2022-08-23,39,100,-100,29,61
2022-08-24,22,-77,100,-34,-100
2022-08-25,-91,-20,-100,100,-100
2022-08-26,10,-53,-65,50,24
2022-08-29,30,93,12,100,-39
2022-08-30,0,-22,62,100,100
2022-08-31,64,29,-63,7,-53
2022-09-01,-22,2,14,100,100
2022-09-02,-7,65,100,-100,-12
2022-09-06,-100,-24,100,44,35
2022-09-07,-36,97,-100,58,75
2022-09-08,100,55,-99,-15,-49
2022-09-09,100,73,36,-15,3
2022-09-12,-95,13,19,35,41
2022-09-13,100,33,-29,-100,13
2022-09-14,89,-5,-31,100,-23
2022-09-15,-100,-19,-100,8,77
2022-09-16,-20,76,83,-75,-100
2022-09-19,28,-70,100,-52,-19
2022-09-20,100,-41,14,100,100
2022-09-21,-13,-60,-100,100,56
2022-09-22,8,-100,76,-32,-21
2022-09-23,75,-6,4,35,-44
2022-09-26,77,-90,-100,-63,-99
2022-09-27,-68,-14,14,100,93
2022-09-28,-98,-84,45,-2,100
2022-09-29,90,-100,-16,-100,100
2022-09-30,-100,100,-100,-100,-5
2022-10-03,-100,43,100,75,100
2022-10-04,-44,100,100,-29,-98
2022-10-05,-42,-11,-100,100,100
2022-10-06,-100,17,79,100,-77
2022-10-07,14,58,-31,100,-22
2022-10-10,53,-78,100,100,-52
2022-10-11,-75,-100,-100,12,-93
2022-10-12,-2,-20,14,59,70
2022-10-13,100,26,92,-100,-77
2022-10-14,100,-5,93,-100,-68
2022-10-17,16,-45,-100,100,69
2022-10-18,-86,100,25,-44,54
2022-10-19,62,-49,-60,-12,100
2022-10-20,-96,85,-31,-100,-21
2022-10-21,-43,-100,-19,94,-100
2022-10-24,-9,100,-8,73,100
2022-10-25,-44,82,-96,-16,-100
2022-10-26,69,-9,-100,-100,-100
2022-10-27,70,0,-100,12,54
2022-10-28,-100,27,3,-89,95
2022-10-31,-18,-100,-29,-40,69
2022-11-01,49,8,0,20,55
2022-11-02,44,89,30,100,-82
2022-11-03,39,68,100,35,100
2022-11-04,54,-8,-9,-22,-30
2022-11-07,32,-42,6,-12,31
2022-11-08,-100,-14,-66,59,26
2022-11-09,6,-100,82,100,-60
2022-11-10,100,100,-19,-99,-59
2022-11-11,-20,67,52,31,-16
2022-11-14,100,-9,-77,6,-100
2022-11-15,-6,23,-99,-100,100
2022-11-16,57,85,0,87,-100
2022-11-17,10,-100,100,18,100
2022-11-18,47,3,29,66,100
2022-11-21,68,100,-8,0,-75
2022-11-22,74,-100,-100,55,-41
2022-11-23,2,10,-21,45,-100
2022-11-25,-100,100,16,100,-95
2022-11-28,-83,100,86,-76,-28
2022-11-29,100,64,86,-100,-100
2022-11-30,32,100,-100,-82,-15
2022-12-01,18,-7,100,100,-54
2022-12-02,-92,-100,68,100,36
2022-12-05,7,67,100,40,0
2022-12-06,-39,-100,56,32,100
2022-12-07,44,-56,18,37,-100
2022-12-08,43,-100,-31,-39,55
2022-12-09,-59,-100,100,7,-35
2022-12-12,100,31,-83,-23,-76
2022-12-13,-100,-18,100,12,-100
2022-12-14,-100,-100,8,82,51
2022-12-15,-2,-1,80,100,-15
2022-12-16,-39,72,-100,100,-3
2022-12-19,22,-78,57,100,-79
2022-12-20,71,7,-59,73,-100
2022-12-21,100,-100,20,-89,81
2022-12-22,-22,100,1,-13,60
2022-12-23,0,-23,55,-48,-100
2022-12-27,100,6,49,-100,95
2022-12-28,100,-9,100,78,-59
2022-12-29,-30,-57,7,100,-44
2022-12-30,-100,-4,100,100,100
2023-01-03,-2,100,100,-100,74
2023-01-04,25,-100,-86,100,83
2023-01-05,100,2,100,32,100
2023-01-06,-100,85,85,-100,67
2023-01-09,-100,-32,14,0,100
2023-01-10,100,100,36,-100,-54
2023-01-11,39,47,-53,-73,32
2023-01-12,-100,-45,10,44,100
2023-01-13,34,100,-17,100,-100
2023-01-17,-100,-26,12,1,-100
2023-01-18,-100,24,-100,-7,-100
2023-01-19,100,100,62,48,-22
2023-01-20,-18,70,81,-32,4
2023-01-23,71,100,100,71,100
2023-01-24,-14,100,89,-78,100
2023-01-25,72,-15,2,100,-100
2023-01-26,-16,63,93,-100,23
2023-01-27,-539,-1018,-1362,-3065,-1109
2023-01-30,0,77,68,100,100
2023-01-31,0,-77,-11,46,-100
2023-02-01,58,100,25,-100,0
2023-02-02,-58,18,41,27,100
2023-02-03,0,100,70,-73,100
2023-02-06,94,-57,-100,29,100
2023-02-07,89,82,19,70,4
2023-02-08,-48,-56,20,10,100
2023-02-09,-71,-72,-100,29,29
2023-02-10,55,95,8,100,-43
2023-02-13,44,4,100,-79,100
2023-02-14,80,100,100,5,80
2023-02-15,31,-100,62,100,-100
2023-02-16,-100,16,-79,50,-34
2023-02-17,-35,-22,48,-59,74
2023-02-21,-100,-100,-100,100,82
2023-02-22,-20,100,-60,-9,-100
2023-02-23,-19,-11,100,100,-100
2023-02-24,0,-46,-37,76,-32
2023-02-27,63,-100,98,-98,1
2023-02-28,100,87,-49,100,-100
2023-03-01,-100,43,48,96,34
2023-03-02,18,100,100,-100,100
2023-03-03,43,-100,100,-100,73
2023-03-06,-100,-62,51,-9,-40
2023-03-07,43,-16,9,100,-19
2023-03-08,-66,-100,48,-100,100
2023-03-09,-1,-3,-100,100,-9
2023-03-10,0,66,3,82,-57
2023-03-13,84,-66,-100,100,66
2023-03-14,62,0,-1,10,10
2023-03-15,-4,50,-3,-83,100
2023-03-16,-15,-50,40,-26,-22
2023-03-17,-100,0,100,47,23
2023-03-20,-27,0,57,-29,-66
2023-03-21,0,0,4,12,-75
2023-03-22,0,84,56,100,100
2023-03-23,53,99,100,-99,36
2023-03-24,61,100,83,68,38
2023-03-27,-100,-78,-100,74,81
2023-03-28,-14,-100,93,-35,100
2023-03-29,70,100,-98,65,100
2023-03-30,-48,-7,26,100,37
2023-03-31,-22,100,-87,100,12
2023-04-03,7,100,-33,-100,-100
2023-04-04,-7,-8,-45,100,100
2023-04-05,0,-51,73,-58,-67
2023-04-06,0,-41,-16,100,100
2023-04-10,0,-42,15,-81,-87
2023-04-11,0,-59,74,100,-7
2023-04-12,0,-65,-100,-56,100
2023-04-13,0,-18,-100,8,100
2023-04-14,0,-82,100,100,-100
2023-04-17,100,-32,84,91,-100
2023-04-18,-20,96,100,-100,-54
2023-04-19,98,32,-100,43,-14
2023-04-20,11,-1,11,17,100
2023-04-21,-100,-69,-100,100,-42
2023-04-24,100,-58,-84,-67,0
2023-04-25,-82,0,-92,-100,100
2023-04-26,-100,0,7,-13,47
2023-04-27,93,76,68,100,4
2023-04-28,50,65,100,34,93
2023-05-01,-73,-100,25,85,54
2023-05-02,-77,100,-100,-5,-100
2023-05-03,0,96,100,81,-7
2023-05-04,6,-49,-92,89,-100
2023-05-05,95,39,23,-86,-97
2023-05-08,0,-100,100,100,92
2023-05-09,-100,-84,96,-100,82
2023-05-10,91,42,41,100,51
2023-05-11,45,100,-11,-100,100
2023-05-12,-79,-100,-100,77,75
2023-05-15,-44,26,92,100,38
2023-05-16,-14,-19,-50,42,100
2023-05-17,0,40,31,80,-43
2023-05-18,0,30,55,21,-23
2023-05-19,30,-63,48,100,100
2023-05-22,29,-99,-27,100,-100
2023-05-23,-59,0,1,-66,-100
2023-05-24,0,100,100,35,100
2023-05-25,0,75,-14,-19,38
2023-05-26,0,-100,90,-100,-100
2023-05-30,0,-55,100,-93,89
2023-05-31,79,100,60,45,30
2023-06-01,-79,100,-11,53,-100
2023-06-02,100,-100,-11,54,-25
2023-06-05,-84,100,17,-42,-100
2023-06-06,-16,-12,21,100,74
2023-06-07,100,79,-54,-59,35
2023-06-08,100,100,50,-100,100
2023-06-09,-73,100,-40,-100,-5
2023-06-12,-100,71,-21,100,-100
2023-06-13,100,27,-23,100,85
2023-06-14,100,-74,-81,100,100
2023-06-15,-48,-11,30,9,24
2023-06-16,-64,100,-85,-70,57
2023-06-20,100,96,62,12,-100
2023-06-21,-52,14,-21,29,-93
2023-06-22,-83,9,61,-53,-20
2023-06-23,-27,-100,8,-100,80
2023-06-26,0,23,52,-94,-89
2023-06-27,36,-100,-70,44,-89
2023-06-28,-35,10,92,23,-100
2023-06-29,-54,23,91,-67,-100
2023-06-30,0,28,-43,100,100
2023-07-03,0,74,100,-9,100
2023-07-05,0,100,10,13,100
